<?xml version="1.0" encoding="UTF-8" standalone="no" ?>
<gpx xmlns="http://www.topografix.com/GPX/1/1" creator="www.plotaroute.com" version="1.1"  xmlns:xsi="http://www.w3.org/2001/XMLSchema-instance" xsi:schemaLocation="http://www.topografix.com/GPX/1/1 http://www.topografix.com/GPX/1/1/gpx.xsd">
<metadata>
<desc>Route created on plotaroute.com</desc>
</metadata>
<wpt lat="2.917474" lon="101.684864">
<time>2026-09-10T02:08:19Z</time>
<name>FINISH</name>
<cmt>FINISH</cmt>
<desc>FINISH</desc>
<sym>Flag, Blue</sym>
<type>Waypoint</type>
</wpt>
<trk>
<name>Twincity HM 2026</name>
<trkseg>
<trkpt lat="2.917381" lon="101.684861">
<ele>41</ele>
<time>2026-09-10T00:00:00Z</time></trkpt>
<trkpt lat="2.917501" lon="101.684902">
<ele>41</ele>
<time>2026-09-10T00:00:05Z</time></trkpt>
<trkpt lat="2.917594" lon="101.684938">
<ele>41</ele>
<time>2026-09-10T00:00:09Z</time></trkpt>
<trkpt lat="2.917749" lon="101.684981">
<ele>40</ele>
<time>2026-09-10T00:00:16Z</time></trkpt>
<trkpt lat="2.9179" lon="101.685035">
<ele>40</ele>
<time>2026-09-10T00:00:22Z</time></trkpt>
<trkpt lat="2.918109" lon="101.685098">
<ele>40</ele>
<time>2026-09-10T00:00:31Z</time></trkpt>
<trkpt lat="2.918219" lon="101.68514">
<ele>40</ele>
<time>2026-09-10T00:00:35Z</time></trkpt>
<trkpt lat="2.918365" lon="101.685181">
<ele>41</ele>
<time>2026-09-10T00:00:41Z</time></trkpt>
<trkpt lat="2.918581" lon="101.685267">
<ele>41</ele>
<time>2026-09-10T00:00:51Z</time></trkpt>
<trkpt lat="2.918652" lon="101.685292">
<ele>41</ele>
<time>2026-09-10T00:00:54Z</time></trkpt>
<trkpt lat="2.918858" lon="101.685356">
<ele>42</ele>
<time>2026-09-10T00:01:02Z</time></trkpt>
<trkpt lat="2.918914" lon="101.685376">
<ele>42</ele>
<time>2026-09-10T00:01:05Z</time></trkpt>
<trkpt lat="2.919054" lon="101.685434">
<ele>42</ele>
<time>2026-09-10T00:01:11Z</time></trkpt>
<trkpt lat="2.919112" lon="101.68545">
<ele>42</ele>
<time>2026-09-10T00:01:13Z</time></trkpt>
<trkpt lat="2.919334" lon="101.685499">
<ele>41</ele>
<time>2026-09-10T00:01:22Z</time></trkpt>
<trkpt lat="2.919373" lon="101.68551">
<ele>41</ele>
<time>2026-09-10T00:01:24Z</time></trkpt>
<trkpt lat="2.919411" lon="101.685527">
<ele>40</ele>
<time>2026-09-10T00:01:26Z</time></trkpt>
<trkpt lat="2.919489" lon="101.685566">
<ele>40</ele>
<time>2026-09-10T00:01:29Z</time></trkpt>
<trkpt lat="2.919559" lon="101.685614">
<ele>40</ele>
<time>2026-09-10T00:01:33Z</time></trkpt>
<trkpt lat="2.919593" lon="101.685643">
<ele>40</ele>
<time>2026-09-10T00:01:34Z</time></trkpt>
<trkpt lat="2.919624" lon="101.685679">
<ele>40</ele>
<time>2026-09-10T00:01:36Z</time></trkpt>
<trkpt lat="2.919703" lon="101.685801">
<ele>39</ele>
<time>2026-09-10T00:01:42Z</time></trkpt>
<trkpt lat="2.919745" lon="101.685854">
<ele>39</ele>
<time>2026-09-10T00:01:45Z</time></trkpt>
<trkpt lat="2.919805" lon="101.685916">
<ele>39</ele>
<time>2026-09-10T00:01:48Z</time></trkpt>
<trkpt lat="2.919869" lon="101.685969">
<ele>38</ele>
<time>2026-09-10T00:01:52Z</time></trkpt>
<trkpt lat="2.91995" lon="101.686031">
<ele>38</ele>
<time>2026-09-10T00:01:56Z</time></trkpt>
<trkpt lat="2.919985" lon="101.686054">
<ele>38</ele>
<time>2026-09-10T00:01:57Z</time></trkpt>
<trkpt lat="2.920022" lon="101.686075">
<ele>38</ele>
<time>2026-09-10T00:01:59Z</time></trkpt>
<trkpt lat="2.920174" lon="101.686146">
<ele>37</ele>
<time>2026-09-10T00:02:06Z</time></trkpt>
<trkpt lat="2.920347" lon="101.686192">
<ele>36</ele>
<time>2026-09-10T00:02:13Z</time></trkpt>
<trkpt lat="2.920422" lon="101.686216">
<ele>36</ele>
<time>2026-09-10T00:02:16Z</time></trkpt>
<trkpt lat="2.920521" lon="101.686239">
<ele>36</ele>
<time>2026-09-10T00:02:20Z</time></trkpt>
<trkpt lat="2.920635" lon="101.686277">
<ele>36</ele>
<time>2026-09-10T00:02:25Z</time></trkpt>
<trkpt lat="2.920816" lon="101.686328">
<ele>35</ele>
<time>2026-09-10T00:02:33Z</time></trkpt>
<trkpt lat="2.921084" lon="101.686426">
<ele>34</ele>
<time>2026-09-10T00:02:44Z</time></trkpt>
<trkpt lat="2.921226" lon="101.686488">
<ele>33</ele>
<time>2026-09-10T00:02:50Z</time></trkpt>
<trkpt lat="2.92147" lon="101.686552">
<ele>32</ele>
<time>2026-09-10T00:03:00Z</time></trkpt>
<trkpt lat="2.922226" lon="101.686801">
<ele>31</ele>
<time>2026-09-10T00:03:32Z</time></trkpt>
<trkpt lat="2.92244" lon="101.686881">
<ele>31</ele>
<time>2026-09-10T00:03:41Z</time></trkpt>
<trkpt lat="2.922712" lon="101.686966">
<ele>31</ele>
<time>2026-09-10T00:03:53Z</time></trkpt>
<trkpt lat="2.923098" lon="101.687104">
<ele>31</ele>
<time>2026-09-10T00:04:09Z</time></trkpt>
<trkpt lat="2.923213" lon="101.687138">
<ele>31</ele>
<time>2026-09-10T00:04:14Z</time></trkpt>
<trkpt lat="2.923355" lon="101.687175">
<ele>31</ele>
<time>2026-09-10T00:04:20Z</time></trkpt>
<trkpt lat="2.923434" lon="101.687205">
<ele>31</ele>
<time>2026-09-10T00:04:23Z</time></trkpt>
<trkpt lat="2.923619" lon="101.687263">
<ele>31</ele>
<time>2026-09-10T00:04:31Z</time></trkpt>
<trkpt lat="2.923797" lon="101.687328">
<ele>31</ele>
<time>2026-09-10T00:04:39Z</time></trkpt>
<trkpt lat="2.9239" lon="101.687372">
<ele>30</ele>
<time>2026-09-10T00:04:43Z</time></trkpt>
<trkpt lat="2.924003" lon="101.687411">
<ele>30</ele>
<time>2026-09-10T00:04:48Z</time></trkpt>
<trkpt lat="2.924164" lon="101.687484">
<ele>30</ele>
<time>2026-09-10T00:04:55Z</time></trkpt>
<trkpt lat="2.924259" lon="101.687523">
<ele>30</ele>
<time>2026-09-10T00:04:59Z</time></trkpt>
<trkpt lat="2.924529" lon="101.687604">
<ele>31</ele>
<time>2026-09-10T00:05:10Z</time></trkpt>
<trkpt lat="2.924682" lon="101.687657">
<ele>32</ele>
<time>2026-09-10T00:05:17Z</time></trkpt>
<trkpt lat="2.924761" lon="101.687681">
<ele>32</ele>
<time>2026-09-10T00:05:20Z</time></trkpt>
<trkpt lat="2.924894" lon="101.68773">
<ele>32</ele>
<time>2026-09-10T00:05:26Z</time></trkpt>
<trkpt lat="2.925155" lon="101.687812">
<ele>33</ele>
<time>2026-09-10T00:05:36Z</time></trkpt>
<trkpt lat="2.92547" lon="101.687927">
<ele>34</ele>
<time>2026-09-10T00:05:50Z</time></trkpt>
<trkpt lat="2.925714" lon="101.688001">
<ele>34</ele>
<time>2026-09-10T00:06:00Z</time></trkpt>
<trkpt lat="2.925816" lon="101.688044">
<ele>34</ele>
<time>2026-09-10T00:06:05Z</time></trkpt>
<trkpt lat="2.925849" lon="101.688055">
<ele>34</ele>
<time>2026-09-10T00:06:06Z</time></trkpt>
<trkpt lat="2.925915" lon="101.688073">
<ele>34</ele>
<time>2026-09-10T00:06:09Z</time></trkpt>
<trkpt lat="2.926025" lon="101.68809">
<ele>33</ele>
<time>2026-09-10T00:06:13Z</time></trkpt>
<trkpt lat="2.926063" lon="101.688102">
<ele>33</ele>
<time>2026-09-10T00:06:15Z</time></trkpt>
<trkpt lat="2.926252" lon="101.688181">
<ele>33</ele>
<time>2026-09-10T00:06:23Z</time></trkpt>
<trkpt lat="2.926328" lon="101.688209">
<ele>33</ele>
<time>2026-09-10T00:06:26Z</time></trkpt>
<trkpt lat="2.926559" lon="101.688277">
<ele>32</ele>
<time>2026-09-10T00:06:36Z</time></trkpt>
<trkpt lat="2.926614" lon="101.688296">
<ele>32</ele>
<time>2026-09-10T00:06:38Z</time></trkpt>
<trkpt lat="2.926706" lon="101.688331">
<ele>32</ele>
<time>2026-09-10T00:06:42Z</time></trkpt>
<trkpt lat="2.926798" lon="101.688372">
<ele>33</ele>
<time>2026-09-10T00:06:46Z</time></trkpt>
<trkpt lat="2.927015" lon="101.688448">
<ele>34</ele>
<time>2026-09-10T00:06:55Z</time></trkpt>
<trkpt lat="2.927137" lon="101.688484">
<ele>34</ele>
<time>2026-09-10T00:07:00Z</time></trkpt>
<trkpt lat="2.927248" lon="101.68853">
<ele>35</ele>
<time>2026-09-10T00:07:05Z</time></trkpt>
<trkpt lat="2.927287" lon="101.68854">
<ele>35</ele>
<time>2026-09-10T00:07:07Z</time></trkpt>
<trkpt lat="2.927412" lon="101.68856">
<ele>35</ele>
<time>2026-09-10T00:07:12Z</time></trkpt>
<trkpt lat="2.927451" lon="101.688572">
<ele>35</ele>
<time>2026-09-10T00:07:14Z</time></trkpt>
<trkpt lat="2.927624" lon="101.688641">
<ele>35</ele>
<time>2026-09-10T00:07:21Z</time></trkpt>
<trkpt lat="2.927724" lon="101.688672">
<ele>35</ele>
<time>2026-09-10T00:07:25Z</time></trkpt>
<trkpt lat="2.92788" lon="101.688728">
<ele>34</ele>
<time>2026-09-10T00:07:32Z</time></trkpt>
<trkpt lat="2.928211" lon="101.688828">
<ele>34</ele>
<time>2026-09-10T00:07:46Z</time></trkpt>
<trkpt lat="2.928469" lon="101.688927">
<ele>34</ele>
<time>2026-09-10T00:07:57Z</time></trkpt>
<trkpt lat="2.928603" lon="101.688999">
<ele>34</ele>
<time>2026-09-10T00:08:03Z</time></trkpt>
<trkpt lat="2.928811" lon="101.689068">
<ele>33</ele>
<time>2026-09-10T00:08:12Z</time></trkpt>
<trkpt lat="2.928941" lon="101.689119">
<ele>33</ele>
<time>2026-09-10T00:08:17Z</time></trkpt>
<trkpt lat="2.929019" lon="101.689143">
<ele>33</ele>
<time>2026-09-10T00:08:21Z</time></trkpt>
<trkpt lat="2.929056" lon="101.689158">
<ele>33</ele>
<time>2026-09-10T00:08:22Z</time></trkpt>
<trkpt lat="2.929123" lon="101.689198">
<ele>33</ele>
<time>2026-09-10T00:08:25Z</time></trkpt>
<trkpt lat="2.929246" lon="101.689299">
<ele>34</ele>
<time>2026-09-10T00:08:32Z</time></trkpt>
<trkpt lat="2.929278" lon="101.689318">
<ele>34</ele>
<time>2026-09-10T00:08:33Z</time></trkpt>
<trkpt lat="2.929312" lon="101.68933">
<ele>34</ele>
<time>2026-09-10T00:08:35Z</time></trkpt>
<trkpt lat="2.929348" lon="101.689335">
<ele>34</ele>
<time>2026-09-10T00:08:36Z</time></trkpt>
<trkpt lat="2.929386" lon="101.689332">
<ele>34</ele>
<time>2026-09-10T00:08:38Z</time></trkpt>
<trkpt lat="2.929424" lon="101.689323">
<ele>34</ele>
<time>2026-09-10T00:08:39Z</time></trkpt>
<trkpt lat="2.929533" lon="101.689289">
<ele>33</ele>
<time>2026-09-10T00:08:44Z</time></trkpt>
<trkpt lat="2.929571" lon="101.689282">
<ele>33</ele>
<time>2026-09-10T00:08:45Z</time></trkpt>
<trkpt lat="2.929608" lon="101.68928">
<ele>33</ele>
<time>2026-09-10T00:08:47Z</time></trkpt>
<trkpt lat="2.929665" lon="101.689284">
<ele>33</ele>
<time>2026-09-10T00:08:49Z</time></trkpt>
<trkpt lat="2.929759" lon="101.689303">
<ele>33</ele>
<time>2026-09-10T00:08:53Z</time></trkpt>
<trkpt lat="2.930076" lon="101.689422">
<ele>34</ele>
<time>2026-09-10T00:09:06Z</time></trkpt>
<trkpt lat="2.930173" lon="101.689462">
<ele>34</ele>
<time>2026-09-10T00:09:11Z</time></trkpt>
<trkpt lat="2.930482" lon="101.689559">
<ele>34</ele>
<time>2026-09-10T00:09:24Z</time></trkpt>
<trkpt lat="2.930621" lon="101.689596">
<ele>33</ele>
<time>2026-09-10T00:09:29Z</time></trkpt>
<trkpt lat="2.93125" lon="101.689815">
<ele>33</ele>
<time>2026-09-10T00:09:56Z</time></trkpt>
<trkpt lat="2.931451" lon="101.689875">
<ele>32</ele>
<time>2026-09-10T00:10:05Z</time></trkpt>
<trkpt lat="2.931809" lon="101.690013">
<ele>31</ele>
<time>2026-09-10T00:10:20Z</time></trkpt>
<trkpt lat="2.931891" lon="101.690038">
<ele>30</ele>
<time>2026-09-10T00:10:23Z</time></trkpt>
<trkpt lat="2.931924" lon="101.690044">
<ele>30</ele>
<time>2026-09-10T00:10:25Z</time></trkpt>
<trkpt lat="2.931955" lon="101.69004">
<ele>30</ele>
<time>2026-09-10T00:10:26Z</time></trkpt>
<trkpt lat="2.931972" lon="101.69002">
<ele>29</ele>
<time>2026-09-10T00:10:27Z</time></trkpt>
<trkpt lat="2.931963" lon="101.689992">
<ele>29</ele>
<time>2026-09-10T00:10:28Z</time></trkpt>
<trkpt lat="2.931933" lon="101.689968">
<ele>29</ele>
<time>2026-09-10T00:10:30Z</time></trkpt>
<trkpt lat="2.931891" lon="101.689952">
<ele>30</ele>
<time>2026-09-10T00:10:31Z</time></trkpt>
<trkpt lat="2.931694" lon="101.689896">
<ele>31</ele>
<time>2026-09-10T00:10:40Z</time></trkpt>
<trkpt lat="2.931532" lon="101.689838">
<ele>32</ele>
<time>2026-09-10T00:10:47Z</time></trkpt>
<trkpt lat="2.931362" lon="101.689787">
<ele>32</ele>
<time>2026-09-10T00:10:54Z</time></trkpt>
<trkpt lat="2.93103" lon="101.689675">
<ele>32</ele>
<time>2026-09-10T00:11:08Z</time></trkpt>
<trkpt lat="2.930832" lon="101.689597">
<ele>32</ele>
<time>2026-09-10T00:11:16Z</time></trkpt>
<trkpt lat="2.930521" lon="101.689481">
<ele>32</ele>
<time>2026-09-10T00:11:30Z</time></trkpt>
<trkpt lat="2.930426" lon="101.68945">
<ele>32</ele>
<time>2026-09-10T00:11:34Z</time></trkpt>
<trkpt lat="2.930284" lon="101.689395">
<ele>32</ele>
<time>2026-09-10T00:11:40Z</time></trkpt>
<trkpt lat="2.930083" lon="101.689325">
<ele>32</ele>
<time>2026-09-10T00:11:48Z</time></trkpt>
<trkpt lat="2.92985" lon="101.689255">
<ele>31</ele>
<time>2026-09-10T00:11:58Z</time></trkpt>
<trkpt lat="2.929699" lon="101.689198">
<ele>31</ele>
<time>2026-09-10T00:12:04Z</time></trkpt>
<trkpt lat="2.929666" lon="101.689181">
<ele>30</ele>
<time>2026-09-10T00:12:06Z</time></trkpt>
<trkpt lat="2.929636" lon="101.689159">
<ele>30</ele>
<time>2026-09-10T00:12:07Z</time></trkpt>
<trkpt lat="2.929609" lon="101.689132">
<ele>30</ele>
<time>2026-09-10T00:12:09Z</time></trkpt>
<trkpt lat="2.929514" lon="101.688991">
<ele>31</ele>
<time>2026-09-10T00:12:16Z</time></trkpt>
<trkpt lat="2.929486" lon="101.68896">
<ele>31</ele>
<time>2026-09-10T00:12:17Z</time></trkpt>
<trkpt lat="2.929454" lon="101.688934">
<ele>31</ele>
<time>2026-09-10T00:12:19Z</time></trkpt>
<trkpt lat="2.929417" lon="101.688916">
<ele>31</ele>
<time>2026-09-10T00:12:21Z</time></trkpt>
<trkpt lat="2.929376" lon="101.688905">
<ele>32</ele>
<time>2026-09-10T00:12:22Z</time></trkpt>
<trkpt lat="2.929334" lon="101.688902">
<ele>32</ele>
<time>2026-09-10T00:12:24Z</time></trkpt>
<trkpt lat="2.929291" lon="101.688905">
<ele>32</ele>
<time>2026-09-10T00:12:26Z</time></trkpt>
<trkpt lat="2.92921" lon="101.688917">
<ele>32</ele>
<time>2026-09-10T00:12:29Z</time></trkpt>
<trkpt lat="2.929171" lon="101.688918">
<ele>32</ele>
<time>2026-09-10T00:12:31Z</time></trkpt>
<trkpt lat="2.929133" lon="101.688914">
<ele>32</ele>
<time>2026-09-10T00:12:32Z</time></trkpt>
<trkpt lat="2.929096" lon="101.688906">
<ele>32</ele>
<time>2026-09-10T00:12:34Z</time></trkpt>
<trkpt lat="2.929042" lon="101.688887">
<ele>33</ele>
<time>2026-09-10T00:12:36Z</time></trkpt>
<trkpt lat="2.928911" lon="101.688831">
<ele>33</ele>
<time>2026-09-10T00:12:42Z</time></trkpt>
<trkpt lat="2.928757" lon="101.688772">
<ele>33</ele>
<time>2026-09-10T00:12:48Z</time></trkpt>
<trkpt lat="2.928466" lon="101.68868">
<ele>32</ele>
<time>2026-09-10T00:13:01Z</time></trkpt>
<trkpt lat="2.928411" lon="101.68866">
<ele>32</ele>
<time>2026-09-10T00:13:03Z</time></trkpt>
<trkpt lat="2.928339" lon="101.688627">
<ele>31</ele>
<time>2026-09-10T00:13:06Z</time></trkpt>
<trkpt lat="2.928268" lon="101.688586">
<ele>31</ele>
<time>2026-09-10T00:13:09Z</time></trkpt>
<trkpt lat="2.928237" lon="101.688561">
<ele>31</ele>
<time>2026-09-10T00:13:11Z</time></trkpt>
<trkpt lat="2.928211" lon="101.688533">
<ele>31</ele>
<time>2026-09-10T00:13:12Z</time></trkpt>
<trkpt lat="2.928192" lon="101.6885">
<ele>31</ele>
<time>2026-09-10T00:13:14Z</time></trkpt>
<trkpt lat="2.928182" lon="101.688463">
<ele>31</ele>
<time>2026-09-10T00:13:16Z</time></trkpt>
<trkpt lat="2.928179" lon="101.688402">
<ele>30</ele>
<time>2026-09-10T00:13:18Z</time></trkpt>
<trkpt lat="2.928189" lon="101.688256">
<ele>30</ele>
<time>2026-09-10T00:13:24Z</time></trkpt>
<trkpt lat="2.928189" lon="101.688124">
<ele>30</ele>
<time>2026-09-10T00:13:29Z</time></trkpt>
<trkpt lat="2.928167" lon="101.68786">
<ele>31</ele>
<time>2026-09-10T00:13:40Z</time></trkpt>
<trkpt lat="2.928161" lon="101.687812">
<ele>31</ele>
<time>2026-09-10T00:13:42Z</time></trkpt>
<trkpt lat="2.928151" lon="101.687767">
<ele>32</ele>
<time>2026-09-10T00:13:44Z</time></trkpt>
<trkpt lat="2.928131" lon="101.687705">
<ele>32</ele>
<time>2026-09-10T00:13:46Z</time></trkpt>
<trkpt lat="2.928107" lon="101.687646">
<ele>32</ele>
<time>2026-09-10T00:13:49Z</time></trkpt>
<trkpt lat="2.928042" lon="101.687539">
<ele>33</ele>
<time>2026-09-10T00:13:54Z</time></trkpt>
<trkpt lat="2.927951" lon="101.68736">
<ele>32</ele>
<time>2026-09-10T00:14:02Z</time></trkpt>
<trkpt lat="2.927919" lon="101.687304">
<ele>32</ele>
<time>2026-09-10T00:14:04Z</time></trkpt>
<trkpt lat="2.927836" lon="101.687112">
<ele>31</ele>
<time>2026-09-10T00:14:13Z</time></trkpt>
<trkpt lat="2.9278" lon="101.68704">
<ele>31</ele>
<time>2026-09-10T00:14:16Z</time></trkpt>
<trkpt lat="2.927758" lon="101.686968">
<ele>31</ele>
<time>2026-09-10T00:14:19Z</time></trkpt>
<trkpt lat="2.927709" lon="101.686901">
<ele>31</ele>
<time>2026-09-10T00:14:23Z</time></trkpt>
<trkpt lat="2.927639" lon="101.686816">
<ele>31</ele>
<time>2026-09-10T00:14:27Z</time></trkpt>
<trkpt lat="2.927596" lon="101.686767">
<ele>31</ele>
<time>2026-09-10T00:14:30Z</time></trkpt>
<trkpt lat="2.927551" lon="101.686722">
<ele>31</ele>
<time>2026-09-10T00:14:32Z</time></trkpt>
<trkpt lat="2.927416" lon="101.686613">
<ele>31</ele>
<time>2026-09-10T00:14:39Z</time></trkpt>
<trkpt lat="2.927348" lon="101.686567">
<ele>31</ele>
<time>2026-09-10T00:14:42Z</time></trkpt>
<trkpt lat="2.927267" lon="101.686522">
<ele>31</ele>
<time>2026-09-10T00:14:46Z</time></trkpt>
<trkpt lat="2.927224" lon="101.686485">
<ele>31</ele>
<time>2026-09-10T00:14:48Z</time></trkpt>
<trkpt lat="2.9272" lon="101.686457">
<ele>31</ele>
<time>2026-09-10T00:14:50Z</time></trkpt>
<trkpt lat="2.927163" lon="101.686393">
<ele>31</ele>
<time>2026-09-10T00:14:53Z</time></trkpt>
<trkpt lat="2.927142" lon="101.686316">
<ele>30</ele>
<time>2026-09-10T00:14:56Z</time></trkpt>
<trkpt lat="2.927141" lon="101.686274">
<ele>30</ele>
<time>2026-09-10T00:14:58Z</time></trkpt>
<trkpt lat="2.927143" lon="101.686232">
<ele>30</ele>
<time>2026-09-10T00:14:59Z</time></trkpt>
<trkpt lat="2.92715" lon="101.68619">
<ele>30</ele>
<time>2026-09-10T00:15:01Z</time></trkpt>
<trkpt lat="2.927173" lon="101.686111">
<ele>30</ele>
<time>2026-09-10T00:15:04Z</time></trkpt>
<trkpt lat="2.927308" lon="101.685833">
<ele>28</ele>
<time>2026-09-10T00:15:17Z</time></trkpt>
<trkpt lat="2.92734" lon="101.685755">
<ele>27</ele>
<time>2026-09-10T00:15:20Z</time></trkpt>
<trkpt lat="2.927417" lon="101.685523">
<ele>26</ele>
<time>2026-09-10T00:15:30Z</time></trkpt>
<trkpt lat="2.92747" lon="101.685393">
<ele>24</ele>
<time>2026-09-10T00:15:35Z</time></trkpt>
<trkpt lat="2.927557" lon="101.685203">
<ele>23</ele>
<time>2026-09-10T00:15:44Z</time></trkpt>
<trkpt lat="2.927634" lon="101.685011">
<ele>22</ele>
<time>2026-09-10T00:15:52Z</time></trkpt>
<trkpt lat="2.927707" lon="101.684808">
<ele>20</ele>
<time>2026-09-10T00:16:01Z</time></trkpt>
<trkpt lat="2.927717" lon="101.68479">
<ele>20</ele>
<time>2026-09-10T00:16:02Z</time></trkpt>
<trkpt lat="2.927766" lon="101.684738">
<ele>20</ele>
<time>2026-09-10T00:16:04Z</time></trkpt>
<trkpt lat="2.92778" lon="101.684732">
<ele>20</ele>
<time>2026-09-10T00:16:05Z</time></trkpt>
<trkpt lat="2.927757" lon="101.684724">
<ele>20</ele>
<time>2026-09-10T00:16:06Z</time></trkpt>
<trkpt lat="2.927753" lon="101.684712">
<ele>20</ele>
<time>2026-09-10T00:16:07Z</time></trkpt>
<trkpt lat="2.927763" lon="101.684667">
<ele>19</ele>
<time>2026-09-10T00:16:08Z</time></trkpt>
<trkpt lat="2.927779" lon="101.684638">
<ele>19</ele>
<time>2026-09-10T00:16:10Z</time></trkpt>
<trkpt lat="2.927812" lon="101.684611">
<ele>19</ele>
<time>2026-09-10T00:16:11Z</time></trkpt>
<trkpt lat="2.927822" lon="101.684598">
<ele>19</ele>
<time>2026-09-10T00:16:12Z</time></trkpt>
<trkpt lat="2.927861" lon="101.684533">
<ele>18</ele>
<time>2026-09-10T00:16:15Z</time></trkpt>
<trkpt lat="2.927869" lon="101.6845">
<ele>18</ele>
<time>2026-09-10T00:16:16Z</time></trkpt>
<trkpt lat="2.927871" lon="101.684455">
<ele>18</ele>
<time>2026-09-10T00:16:18Z</time></trkpt>
<trkpt lat="2.927877" lon="101.684433">
<ele>18</ele>
<time>2026-09-10T00:16:19Z</time></trkpt>
<trkpt lat="2.927916" lon="101.684347">
<ele>17</ele>
<time>2026-09-10T00:16:23Z</time></trkpt>
<trkpt lat="2.927971" lon="101.684196">
<ele>17</ele>
<time>2026-09-10T00:16:29Z</time></trkpt>
<trkpt lat="2.928049" lon="101.684031">
<ele>17</ele>
<time>2026-09-10T00:16:37Z</time></trkpt>
<trkpt lat="2.928088" lon="101.683924">
<ele>17</ele>
<time>2026-09-10T00:16:41Z</time></trkpt>
<trkpt lat="2.928149" lon="101.683797">
<ele>18</ele>
<time>2026-09-10T00:16:47Z</time></trkpt>
<trkpt lat="2.928243" lon="101.68354">
<ele>19</ele>
<time>2026-09-10T00:16:58Z</time></trkpt>
<trkpt lat="2.928564" lon="101.682774">
<ele>22</ele>
<time>2026-09-10T00:17:31Z</time></trkpt>
<trkpt lat="2.928641" lon="101.682607">
<ele>22</ele>
<time>2026-09-10T00:17:38Z</time></trkpt>
<trkpt lat="2.928701" lon="101.682498">
<ele>22</ele>
<time>2026-09-10T00:17:43Z</time></trkpt>
<trkpt lat="2.928747" lon="101.682402">
<ele>23</ele>
<time>2026-09-10T00:17:48Z</time></trkpt>
<trkpt lat="2.928942" lon="101.682032">
<ele>26</ele>
<time>2026-09-10T00:18:04Z</time></trkpt>
<trkpt lat="2.929054" lon="101.681855">
<ele>28</ele>
<time>2026-09-10T00:18:13Z</time></trkpt>
<trkpt lat="2.929125" lon="101.68173">
<ele>29</ele>
<time>2026-09-10T00:18:19Z</time></trkpt>
<trkpt lat="2.929179" lon="101.681644">
<ele>29</ele>
<time>2026-09-10T00:18:23Z</time></trkpt>
<trkpt lat="2.92926" lon="101.681527">
<ele>29</ele>
<time>2026-09-10T00:18:28Z</time></trkpt>
<trkpt lat="2.929359" lon="101.681396">
<ele>29</ele>
<time>2026-09-10T00:18:35Z</time></trkpt>
<trkpt lat="2.929461" lon="101.681225">
<ele>30</ele>
<time>2026-09-10T00:18:43Z</time></trkpt>
<trkpt lat="2.929511" lon="101.681151">
<ele>30</ele>
<time>2026-09-10T00:18:46Z</time></trkpt>
<trkpt lat="2.929565" lon="101.681082">
<ele>30</ele>
<time>2026-09-10T00:18:50Z</time></trkpt>
<trkpt lat="2.929684" lon="101.680895">
<ele>31</ele>
<time>2026-09-10T00:18:59Z</time></trkpt>
<trkpt lat="2.929817" lon="101.680723">
<ele>31</ele>
<time>2026-09-10T00:19:08Z</time></trkpt>
<trkpt lat="2.929867" lon="101.680653">
<ele>31</ele>
<time>2026-09-10T00:19:11Z</time></trkpt>
<trkpt lat="2.929938" lon="101.680533">
<ele>32</ele>
<time>2026-09-10T00:19:17Z</time></trkpt>
<trkpt lat="2.929971" lon="101.680484">
<ele>32</ele>
<time>2026-09-10T00:19:19Z</time></trkpt>
<trkpt lat="2.93011" lon="101.680333">
<ele>34</ele>
<time>2026-09-10T00:19:27Z</time></trkpt>
<trkpt lat="2.930237" lon="101.680184">
<ele>37</ele>
<time>2026-09-10T00:19:35Z</time></trkpt>
<trkpt lat="2.930322" lon="101.680074">
<ele>40</ele>
<time>2026-09-10T00:19:41Z</time></trkpt>
<trkpt lat="2.930419" lon="101.679962">
<ele>42</ele>
<time>2026-09-10T00:19:47Z</time></trkpt>
<trkpt lat="2.930466" lon="101.679903">
<ele>43</ele>
<time>2026-09-10T00:19:50Z</time></trkpt>
<trkpt lat="2.930623" lon="101.679698">
<ele>44</ele>
<time>2026-09-10T00:20:00Z</time></trkpt>
<trkpt lat="2.930704" lon="101.679612">
<ele>44</ele>
<time>2026-09-10T00:20:05Z</time></trkpt>
<trkpt lat="2.930811" lon="101.679489">
<ele>43</ele>
<time>2026-09-10T00:20:11Z</time></trkpt>
<trkpt lat="2.930899" lon="101.679382">
<ele>42</ele>
<time>2026-09-10T00:20:17Z</time></trkpt>
<trkpt lat="2.931078" lon="101.679185">
<ele>43</ele>
<time>2026-09-10T00:20:27Z</time></trkpt>
<trkpt lat="2.931171" lon="101.679055">
<ele>43</ele>
<time>2026-09-10T00:20:34Z</time></trkpt>
<trkpt lat="2.931217" lon="101.678997">
<ele>43</ele>
<time>2026-09-10T00:20:37Z</time></trkpt>
<trkpt lat="2.931377" lon="101.67883">
<ele>42</ele>
<time>2026-09-10T00:20:46Z</time></trkpt>
<trkpt lat="2.931489" lon="101.678697">
<ele>41</ele>
<time>2026-09-10T00:20:53Z</time></trkpt>
<trkpt lat="2.931563" lon="101.6786">
<ele>40</ele>
<time>2026-09-10T00:20:58Z</time></trkpt>
<trkpt lat="2.931631" lon="101.678495">
<ele>38</ele>
<time>2026-09-10T00:21:03Z</time></trkpt>
<trkpt lat="2.931704" lon="101.678397">
<ele>36</ele>
<time>2026-09-10T00:21:08Z</time></trkpt>
<trkpt lat="2.931769" lon="101.678301">
<ele>35</ele>
<time>2026-09-10T00:21:12Z</time></trkpt>
<trkpt lat="2.931879" lon="101.678164">
<ele>35</ele>
<time>2026-09-10T00:21:19Z</time></trkpt>
<trkpt lat="2.932055" lon="101.677899">
<ele>36</ele>
<time>2026-09-10T00:21:32Z</time></trkpt>
<trkpt lat="2.932162" lon="101.677726">
<ele>36</ele>
<time>2026-09-10T00:21:40Z</time></trkpt>
<trkpt lat="2.932219" lon="101.677644">
<ele>37</ele>
<time>2026-09-10T00:21:44Z</time></trkpt>
<trkpt lat="2.93228" lon="101.677566">
<ele>37</ele>
<time>2026-09-10T00:21:48Z</time></trkpt>
<trkpt lat="2.932305" lon="101.677539">
<ele>37</ele>
<time>2026-09-10T00:21:50Z</time></trkpt>
<trkpt lat="2.932332" lon="101.677516">
<ele>37</ele>
<time>2026-09-10T00:21:51Z</time></trkpt>
<trkpt lat="2.932364" lon="101.677497">
<ele>37</ele>
<time>2026-09-10T00:21:53Z</time></trkpt>
<trkpt lat="2.9324" lon="101.677482">
<ele>38</ele>
<time>2026-09-10T00:21:54Z</time></trkpt>
<trkpt lat="2.932439" lon="101.677471">
<ele>38</ele>
<time>2026-09-10T00:21:56Z</time></trkpt>
<trkpt lat="2.93248" lon="101.677467">
<ele>38</ele>
<time>2026-09-10T00:21:57Z</time></trkpt>
<trkpt lat="2.932522" lon="101.677471">
<ele>38</ele>
<time>2026-09-10T00:21:59Z</time></trkpt>
<trkpt lat="2.932541" lon="101.677476">
<ele>38</ele>
<time>2026-09-10T00:22:00Z</time></trkpt>
<trkpt lat="2.932651" lon="101.677514">
<ele>37</ele>
<time>2026-09-10T00:22:05Z</time></trkpt>
<trkpt lat="2.932785" lon="101.67757">
<ele>36</ele>
<time>2026-09-10T00:22:10Z</time></trkpt>
<trkpt lat="2.932902" lon="101.677627">
<ele>36</ele>
<time>2026-09-10T00:22:16Z</time></trkpt>
<trkpt lat="2.933143" lon="101.677736">
<ele>34</ele>
<time>2026-09-10T00:22:26Z</time></trkpt>
<trkpt lat="2.933274" lon="101.677806">
<ele>33</ele>
<time>2026-09-10T00:22:32Z</time></trkpt>
<trkpt lat="2.93338" lon="101.677871">
<ele>33</ele>
<time>2026-09-10T00:22:37Z</time></trkpt>
<trkpt lat="2.933711" lon="101.678055">
<ele>33</ele>
<time>2026-09-10T00:22:52Z</time></trkpt>
<trkpt lat="2.93397" lon="101.678205">
<ele>32</ele>
<time>2026-09-10T00:23:04Z</time></trkpt>
<trkpt lat="2.934182" lon="101.678337">
<ele>30</ele>
<time>2026-09-10T00:23:14Z</time></trkpt>
<trkpt lat="2.934331" lon="101.67841">
<ele>32</ele>
<time>2026-09-10T00:23:21Z</time></trkpt>
<trkpt lat="2.934404" lon="101.678457">
<ele>33</ele>
<time>2026-09-10T00:23:24Z</time></trkpt>
<trkpt lat="2.934457" lon="101.678501">
<ele>34</ele>
<time>2026-09-10T00:23:27Z</time></trkpt>
<trkpt lat="2.93447" lon="101.678521">
<ele>34</ele>
<time>2026-09-10T00:23:28Z</time></trkpt>
<trkpt lat="2.934478" lon="101.678564">
<ele>34</ele>
<time>2026-09-10T00:23:30Z</time></trkpt>
<trkpt lat="2.934478" lon="101.6786">
<ele>34</ele>
<time>2026-09-10T00:23:31Z</time></trkpt>
<trkpt lat="2.934487" lon="101.678672">
<ele>33</ele>
<time>2026-09-10T00:23:34Z</time></trkpt>
<trkpt lat="2.934499" lon="101.678711">
<ele>33</ele>
<time>2026-09-10T00:23:36Z</time></trkpt>
<trkpt lat="2.934535" lon="101.67875">
<ele>34</ele>
<time>2026-09-10T00:23:38Z</time></trkpt>
<trkpt lat="2.934594" lon="101.678788">
<ele>34</ele>
<time>2026-09-10T00:23:41Z</time></trkpt>
<trkpt lat="2.934654" lon="101.678821">
<ele>34</ele>
<time>2026-09-10T00:23:44Z</time></trkpt>
<trkpt lat="2.934744" lon="101.67886">
<ele>35</ele>
<time>2026-09-10T00:23:48Z</time></trkpt>
<trkpt lat="2.934812" lon="101.678897">
<ele>35</ele>
<time>2026-09-10T00:23:51Z</time></trkpt>
<trkpt lat="2.935043" lon="101.679011">
<ele>35</ele>
<time>2026-09-10T00:24:01Z</time></trkpt>
<trkpt lat="2.935295" lon="101.679114">
<ele>34</ele>
<time>2026-09-10T00:24:12Z</time></trkpt>
<trkpt lat="2.935404" lon="101.679166">
<ele>34</ele>
<time>2026-09-10T00:24:17Z</time></trkpt>
<trkpt lat="2.935563" lon="101.679228">
<ele>34</ele>
<time>2026-09-10T00:24:24Z</time></trkpt>
<trkpt lat="2.936029" lon="101.679433">
<ele>35</ele>
<time>2026-09-10T00:24:44Z</time></trkpt>
<trkpt lat="2.936228" lon="101.679524">
<ele>36</ele>
<time>2026-09-10T00:24:53Z</time></trkpt>
<trkpt lat="2.936283" lon="101.679551">
<ele>36</ele>
<time>2026-09-10T00:24:55Z</time></trkpt>
<trkpt lat="2.936352" lon="101.679591">
<ele>35</ele>
<time>2026-09-10T00:24:58Z</time></trkpt>
<trkpt lat="2.936561" lon="101.679683">
<ele>35</ele>
<time>2026-09-10T00:25:08Z</time></trkpt>
<trkpt lat="2.937004" lon="101.679903">
<ele>33</ele>
<time>2026-09-10T00:25:27Z</time></trkpt>
<trkpt lat="2.937165" lon="101.679966">
<ele>33</ele>
<time>2026-09-10T00:25:34Z</time></trkpt>
<trkpt lat="2.937291" lon="101.68002">
<ele>33</ele>
<time>2026-09-10T00:25:40Z</time></trkpt>
<trkpt lat="2.937742" lon="101.680195">
<ele>36</ele>
<time>2026-09-10T00:25:59Z</time></trkpt>
<trkpt lat="2.938017" lon="101.680316">
<ele>38</ele>
<time>2026-09-10T00:26:11Z</time></trkpt>
<trkpt lat="2.938196" lon="101.680403">
<ele>39</ele>
<time>2026-09-10T00:26:19Z</time></trkpt>
<trkpt lat="2.938305" lon="101.680466">
<ele>39</ele>
<time>2026-09-10T00:26:24Z</time></trkpt>
<trkpt lat="2.938375" lon="101.680495">
<ele>39</ele>
<time>2026-09-10T00:26:27Z</time></trkpt>
<trkpt lat="2.938444" lon="101.680528">
<ele>39</ele>
<time>2026-09-10T00:26:30Z</time></trkpt>
<trkpt lat="2.938525" lon="101.680576">
<ele>39</ele>
<time>2026-09-10T00:26:34Z</time></trkpt>
<trkpt lat="2.938662" lon="101.680665">
<ele>40</ele>
<time>2026-09-10T00:26:41Z</time></trkpt>
<trkpt lat="2.938787" lon="101.680733">
<ele>40</ele>
<time>2026-09-10T00:26:46Z</time></trkpt>
<trkpt lat="2.938938" lon="101.680808">
<ele>40</ele>
<time>2026-09-10T00:26:53Z</time></trkpt>
<trkpt lat="2.939081" lon="101.680885">
<ele>40</ele>
<time>2026-09-10T00:27:00Z</time></trkpt>
<trkpt lat="2.939181" lon="101.680926">
<ele>41</ele>
<time>2026-09-10T00:27:04Z</time></trkpt>
<trkpt lat="2.939313" lon="101.68099">
<ele>42</ele>
<time>2026-09-10T00:27:10Z</time></trkpt>
<trkpt lat="2.939397" lon="101.681025">
<ele>43</ele>
<time>2026-09-10T00:27:13Z</time></trkpt>
<trkpt lat="2.939482" lon="101.681056">
<ele>43</ele>
<time>2026-09-10T00:27:17Z</time></trkpt>
<trkpt lat="2.939596" lon="101.681106">
<ele>44</ele>
<time>2026-09-10T00:27:22Z</time></trkpt>
<trkpt lat="2.939766" lon="101.68117">
<ele>45</ele>
<time>2026-09-10T00:27:29Z</time></trkpt>
<trkpt lat="2.939881" lon="101.681219">
<ele>46</ele>
<time>2026-09-10T00:27:34Z</time></trkpt>
<trkpt lat="2.939953" lon="101.681237">
<ele>46</ele>
<time>2026-09-10T00:27:37Z</time></trkpt>
<trkpt lat="2.940106" lon="101.681261">
<ele>47</ele>
<time>2026-09-10T00:27:43Z</time></trkpt>
<trkpt lat="2.940254" lon="101.681306">
<ele>48</ele>
<time>2026-09-10T00:27:50Z</time></trkpt>
<trkpt lat="2.940517" lon="101.68138">
<ele>48</ele>
<time>2026-09-10T00:28:01Z</time></trkpt>
<trkpt lat="2.940641" lon="101.681405">
<ele>49</ele>
<time>2026-09-10T00:28:06Z</time></trkpt>
<trkpt lat="2.940796" lon="101.68143">
<ele>49</ele>
<time>2026-09-10T00:28:12Z</time></trkpt>
<trkpt lat="2.940867" lon="101.681439">
<ele>49</ele>
<time>2026-09-10T00:28:15Z</time></trkpt>
<trkpt lat="2.940955" lon="101.681445">
<ele>49</ele>
<time>2026-09-10T00:28:18Z</time></trkpt>
<trkpt lat="2.941126" lon="101.681469">
<ele>49</ele>
<time>2026-09-10T00:28:25Z</time></trkpt>
<trkpt lat="2.94122" lon="101.681473">
<ele>49</ele>
<time>2026-09-10T00:28:29Z</time></trkpt>
<trkpt lat="2.941431" lon="101.681489">
<ele>49</ele>
<time>2026-09-10T00:28:38Z</time></trkpt>
<trkpt lat="2.941511" lon="101.681486">
<ele>49</ele>
<time>2026-09-10T00:28:41Z</time></trkpt>
<trkpt lat="2.941584" lon="101.681473">
<ele>50</ele>
<time>2026-09-10T00:28:44Z</time></trkpt>
<trkpt lat="2.941632" lon="101.681456">
<ele>50</ele>
<time>2026-09-10T00:28:46Z</time></trkpt>
<trkpt lat="2.941686" lon="101.681423">
<ele>50</ele>
<time>2026-09-10T00:28:48Z</time></trkpt>
<trkpt lat="2.941761" lon="101.681364">
<ele>51</ele>
<time>2026-09-10T00:28:52Z</time></trkpt>
<trkpt lat="2.941779" lon="101.681358">
<ele>51</ele>
<time>2026-09-10T00:28:53Z</time></trkpt>
<trkpt lat="2.941795" lon="101.681358">
<ele>51</ele>
<time>2026-09-10T00:28:54Z</time></trkpt>
<trkpt lat="2.941828" lon="101.681367">
<ele>51</ele>
<time>2026-09-10T00:28:55Z</time></trkpt>
<trkpt lat="2.941846" lon="101.681368">
<ele>51</ele>
<time>2026-09-10T00:28:56Z</time></trkpt>
<trkpt lat="2.94186" lon="101.681363">
<ele>51</ele>
<time>2026-09-10T00:28:56Z</time></trkpt>
<trkpt lat="2.941869" lon="101.681354">
<ele>51</ele>
<time>2026-09-10T00:28:57Z</time></trkpt>
<trkpt lat="2.941881" lon="101.681331">
<ele>51</ele>
<time>2026-09-10T00:28:58Z</time></trkpt>
<trkpt lat="2.941921" lon="101.6812">
<ele>52</ele>
<time>2026-09-10T00:29:03Z</time></trkpt>
<trkpt lat="2.94193" lon="101.681182">
<ele>53</ele>
<time>2026-09-10T00:29:04Z</time></trkpt>
<trkpt lat="2.941986" lon="101.6811">
<ele>54</ele>
<time>2026-09-10T00:29:08Z</time></trkpt>
<trkpt lat="2.942057" lon="101.68093">
<ele>56</ele>
<time>2026-09-10T00:29:15Z</time></trkpt>
<trkpt lat="2.942092" lon="101.680861">
<ele>57</ele>
<time>2026-09-10T00:29:19Z</time></trkpt>
<trkpt lat="2.942118" lon="101.6808">
<ele>57</ele>
<time>2026-09-10T00:29:21Z</time></trkpt>
<trkpt lat="2.942147" lon="101.680749">
<ele>57</ele>
<time>2026-09-10T00:29:24Z</time></trkpt>
<trkpt lat="2.942167" lon="101.680706">
<ele>58</ele>
<time>2026-09-10T00:29:25Z</time></trkpt>
<trkpt lat="2.94223" lon="101.680537">
<ele>58</ele>
<time>2026-09-10T00:29:33Z</time></trkpt>
<trkpt lat="2.942336" lon="101.680317">
<ele>57</ele>
<time>2026-09-10T00:29:42Z</time></trkpt>
<trkpt lat="2.942372" lon="101.680211">
<ele>56</ele>
<time>2026-09-10T00:29:47Z</time></trkpt>
<trkpt lat="2.94243" lon="101.680071">
<ele>54</ele>
<time>2026-09-10T00:29:53Z</time></trkpt>
<trkpt lat="2.942499" lon="101.67994">
<ele>52</ele>
<time>2026-09-10T00:29:59Z</time></trkpt>
<trkpt lat="2.942549" lon="101.679833">
<ele>52</ele>
<time>2026-09-10T00:30:04Z</time></trkpt>
<trkpt lat="2.942571" lon="101.679785">
<ele>52</ele>
<time>2026-09-10T00:30:06Z</time></trkpt>
<trkpt lat="2.94262" lon="101.679657">
<ele>51</ele>
<time>2026-09-10T00:30:11Z</time></trkpt>
<trkpt lat="2.942675" lon="101.679557">
<ele>50</ele>
<time>2026-09-10T00:30:16Z</time></trkpt>
<trkpt lat="2.942802" lon="101.679354">
<ele>49</ele>
<time>2026-09-10T00:30:25Z</time></trkpt>
<trkpt lat="2.942951" lon="101.679078">
<ele>47</ele>
<time>2026-09-10T00:30:38Z</time></trkpt>
<trkpt lat="2.943112" lon="101.678804">
<ele>47</ele>
<time>2026-09-10T00:30:51Z</time></trkpt>
<trkpt lat="2.943141" lon="101.678751">
<ele>47</ele>
<time>2026-09-10T00:30:53Z</time></trkpt>
<trkpt lat="2.943192" lon="101.678636">
<ele>47</ele>
<time>2026-09-10T00:30:58Z</time></trkpt>
<trkpt lat="2.943216" lon="101.678596">
<ele>46</ele>
<time>2026-09-10T00:31:00Z</time></trkpt>
<trkpt lat="2.943303" lon="101.678481">
<ele>46</ele>
<time>2026-09-10T00:31:06Z</time></trkpt>
<trkpt lat="2.943409" lon="101.678363">
<ele>45</ele>
<time>2026-09-10T00:31:12Z</time></trkpt>
<trkpt lat="2.943576" lon="101.678169">
<ele>44</ele>
<time>2026-09-10T00:31:22Z</time></trkpt>
<trkpt lat="2.943707" lon="101.677994">
<ele>44</ele>
<time>2026-09-10T00:31:31Z</time></trkpt>
<trkpt lat="2.943913" lon="101.67773">
<ele>42</ele>
<time>2026-09-10T00:31:45Z</time></trkpt>
<trkpt lat="2.943944" lon="101.677695">
<ele>41</ele>
<time>2026-09-10T00:31:46Z</time></trkpt>
<trkpt lat="2.94398" lon="101.677673">
<ele>41</ele>
<time>2026-09-10T00:31:48Z</time></trkpt>
<trkpt lat="2.943999" lon="101.677667">
<ele>41</ele>
<time>2026-09-10T00:31:49Z</time></trkpt>
<trkpt lat="2.944058" lon="101.677656">
<ele>40</ele>
<time>2026-09-10T00:31:51Z</time></trkpt>
<trkpt lat="2.944098" lon="101.677655">
<ele>40</ele>
<time>2026-09-10T00:31:53Z</time></trkpt>
<trkpt lat="2.944137" lon="101.677667">
<ele>39</ele>
<time>2026-09-10T00:31:55Z</time></trkpt>
<trkpt lat="2.944263" lon="101.677745">
<ele>39</ele>
<time>2026-09-10T00:32:00Z</time></trkpt>
<trkpt lat="2.944356" lon="101.677792">
<ele>39</ele>
<time>2026-09-10T00:32:05Z</time></trkpt>
<trkpt lat="2.944642" lon="101.677901">
<ele>38</ele>
<time>2026-09-10T00:32:17Z</time></trkpt>
<trkpt lat="2.944709" lon="101.677922">
<ele>38</ele>
<time>2026-09-10T00:32:20Z</time></trkpt>
<trkpt lat="2.944801" lon="101.677943">
<ele>38</ele>
<time>2026-09-10T00:32:23Z</time></trkpt>
<trkpt lat="2.944891" lon="101.677956">
<ele>37</ele>
<time>2026-09-10T00:32:27Z</time></trkpt>
<trkpt lat="2.945033" lon="101.677968">
<ele>37</ele>
<time>2026-09-10T00:32:33Z</time></trkpt>
<trkpt lat="2.945309" lon="101.677975">
<ele>36</ele>
<time>2026-09-10T00:32:44Z</time></trkpt>
<trkpt lat="2.94542" lon="101.677967">
<ele>35</ele>
<time>2026-09-10T00:32:48Z</time></trkpt>
<trkpt lat="2.945489" lon="101.677958">
<ele>35</ele>
<time>2026-09-10T00:32:51Z</time></trkpt>
<trkpt lat="2.945656" lon="101.677922">
<ele>34</ele>
<time>2026-09-10T00:32:58Z</time></trkpt>
<trkpt lat="2.94579" lon="101.677879">
<ele>33</ele>
<time>2026-09-10T00:33:04Z</time></trkpt>
<trkpt lat="2.945921" lon="101.677848">
<ele>33</ele>
<time>2026-09-10T00:33:09Z</time></trkpt>
<trkpt lat="2.946004" lon="101.677819">
<ele>33</ele>
<time>2026-09-10T00:33:13Z</time></trkpt>
<trkpt lat="2.94608" lon="101.677783">
<ele>34</ele>
<time>2026-09-10T00:33:16Z</time></trkpt>
<trkpt lat="2.946292" lon="101.67766">
<ele>34</ele>
<time>2026-09-10T00:33:26Z</time></trkpt>
<trkpt lat="2.94714" lon="101.677204">
<ele>30</ele>
<time>2026-09-10T00:34:04Z</time></trkpt>
<trkpt lat="2.947333" lon="101.677092">
<ele>27</ele>
<time>2026-09-10T00:34:13Z</time></trkpt>
<trkpt lat="2.947474" lon="101.677028">
<ele>25</ele>
<time>2026-09-10T00:34:19Z</time></trkpt>
<trkpt lat="2.947578" lon="101.676975">
<ele>25</ele>
<time>2026-09-10T00:34:24Z</time></trkpt>
<trkpt lat="2.947707" lon="101.676929">
<ele>26</ele>
<time>2026-09-10T00:34:30Z</time></trkpt>
<trkpt lat="2.947799" lon="101.676912">
<ele>26</ele>
<time>2026-09-10T00:34:33Z</time></trkpt>
<trkpt lat="2.947812" lon="101.676908">
<ele>26</ele>
<time>2026-09-10T00:34:34Z</time></trkpt>
<trkpt lat="2.947853" lon="101.676886">
<ele>26</ele>
<time>2026-09-10T00:34:36Z</time></trkpt>
<trkpt lat="2.947893" lon="101.676882">
<ele>26</ele>
<time>2026-09-10T00:34:37Z</time></trkpt>
<trkpt lat="2.947923" lon="101.676872">
<ele>26</ele>
<time>2026-09-10T00:34:39Z</time></trkpt>
<trkpt lat="2.947938" lon="101.676876">
<ele>26</ele>
<time>2026-09-10T00:34:39Z</time></trkpt>
<trkpt lat="2.947961" lon="101.676894">
<ele>27</ele>
<time>2026-09-10T00:34:40Z</time></trkpt>
<trkpt lat="2.947994" lon="101.676901">
<ele>27</ele>
<time>2026-09-10T00:34:42Z</time></trkpt>
<trkpt lat="2.948015" lon="101.676898">
<ele>27</ele>
<time>2026-09-10T00:34:43Z</time></trkpt>
<trkpt lat="2.948037" lon="101.676889">
<ele>27</ele>
<time>2026-09-10T00:34:44Z</time></trkpt>
<trkpt lat="2.948055" lon="101.676877">
<ele>27</ele>
<time>2026-09-10T00:34:44Z</time></trkpt>
<trkpt lat="2.948068" lon="101.67686">
<ele>27</ele>
<time>2026-09-10T00:34:45Z</time></trkpt>
<trkpt lat="2.948147" lon="101.676863">
<ele>28</ele>
<time>2026-09-10T00:34:49Z</time></trkpt>
<trkpt lat="2.948224" lon="101.676861">
<ele>28</ele>
<time>2026-09-10T00:34:52Z</time></trkpt>
<trkpt lat="2.948337" lon="101.676835">
<ele>28</ele>
<time>2026-09-10T00:34:56Z</time></trkpt>
<trkpt lat="2.948577" lon="101.676795">
<ele>29</ele>
<time>2026-09-10T00:35:06Z</time></trkpt>
<trkpt lat="2.948689" lon="101.676768">
<ele>29</ele>
<time>2026-09-10T00:35:11Z</time></trkpt>
<trkpt lat="2.948749" lon="101.676757">
<ele>29</ele>
<time>2026-09-10T00:35:13Z</time></trkpt>
<trkpt lat="2.948824" lon="101.676738">
<ele>29</ele>
<time>2026-09-10T00:35:16Z</time></trkpt>
<trkpt lat="2.94905" lon="101.676647">
<ele>30</ele>
<time>2026-09-10T00:35:26Z</time></trkpt>
<trkpt lat="2.949126" lon="101.676608">
<ele>30</ele>
<time>2026-09-10T00:35:29Z</time></trkpt>
<trkpt lat="2.949256" lon="101.676526">
<ele>31</ele>
<time>2026-09-10T00:35:35Z</time></trkpt>
<trkpt lat="2.949338" lon="101.67648">
<ele>32</ele>
<time>2026-09-10T00:35:39Z</time></trkpt>
<trkpt lat="2.949456" lon="101.676424">
<ele>32</ele>
<time>2026-09-10T00:35:44Z</time></trkpt>
<trkpt lat="2.949606" lon="101.676346">
<ele>32</ele>
<time>2026-09-10T00:35:51Z</time></trkpt>
<trkpt lat="2.949855" lon="101.676197">
<ele>31</ele>
<time>2026-09-10T00:36:03Z</time></trkpt>
<trkpt lat="2.950105" lon="101.676022">
<ele>29</ele>
<time>2026-09-10T00:36:15Z</time></trkpt>
<trkpt lat="2.950249" lon="101.67589">
<ele>30</ele>
<time>2026-09-10T00:36:23Z</time></trkpt>
<trkpt lat="2.9503" lon="101.675833">
<ele>29</ele>
<time>2026-09-10T00:36:26Z</time></trkpt>
<trkpt lat="2.950318" lon="101.675802">
<ele>30</ele>
<time>2026-09-10T00:36:27Z</time></trkpt>
<trkpt lat="2.95033" lon="101.675771">
<ele>30</ele>
<time>2026-09-10T00:36:29Z</time></trkpt>
<trkpt lat="2.950334" lon="101.675742">
<ele>31</ele>
<time>2026-09-10T00:36:30Z</time></trkpt>
<trkpt lat="2.950326" lon="101.675706">
<ele>31</ele>
<time>2026-09-10T00:36:31Z</time></trkpt>
<trkpt lat="2.950275" lon="101.675614">
<ele>32</ele>
<time>2026-09-10T00:36:36Z</time></trkpt>
<trkpt lat="2.950247" lon="101.675544">
<ele>33</ele>
<time>2026-09-10T00:36:39Z</time></trkpt>
<trkpt lat="2.950181" lon="101.675433">
<ele>34</ele>
<time>2026-09-10T00:36:44Z</time></trkpt>
<trkpt lat="2.950104" lon="101.675325">
<ele>36</ele>
<time>2026-09-10T00:36:49Z</time></trkpt>
<trkpt lat="2.950049" lon="101.675239">
<ele>37</ele>
<time>2026-09-10T00:36:53Z</time></trkpt>
<trkpt lat="2.950028" lon="101.675202">
<ele>38</ele>
<time>2026-09-10T00:36:55Z</time></trkpt>
<trkpt lat="2.950005" lon="101.675148">
<ele>39</ele>
<time>2026-09-10T00:36:57Z</time></trkpt>
<trkpt lat="2.949999" lon="101.67512">
<ele>39</ele>
<time>2026-09-10T00:36:58Z</time></trkpt>
<trkpt lat="2.949999" lon="101.675092">
<ele>40</ele>
<time>2026-09-10T00:37:00Z</time></trkpt>
<trkpt lat="2.950006" lon="101.675065">
<ele>40</ele>
<time>2026-09-10T00:37:01Z</time></trkpt>
<trkpt lat="2.950019" lon="101.675038">
<ele>40</ele>
<time>2026-09-10T00:37:02Z</time></trkpt>
<trkpt lat="2.95008" lon="101.674935">
<ele>41</ele>
<time>2026-09-10T00:37:07Z</time></trkpt>
<trkpt lat="2.950089" lon="101.674912">
<ele>41</ele>
<time>2026-09-10T00:37:08Z</time></trkpt>
<trkpt lat="2.950092" lon="101.67489">
<ele>41</ele>
<time>2026-09-10T00:37:09Z</time></trkpt>
<trkpt lat="2.950084" lon="101.674817">
<ele>42</ele>
<time>2026-09-10T00:37:11Z</time></trkpt>
<trkpt lat="2.950076" lon="101.674791">
<ele>42</ele>
<time>2026-09-10T00:37:13Z</time></trkpt>
<trkpt lat="2.950064" lon="101.674766">
<ele>42</ele>
<time>2026-09-10T00:37:14Z</time></trkpt>
<trkpt lat="2.950046" lon="101.674742">
<ele>42</ele>
<time>2026-09-10T00:37:15Z</time></trkpt>
<trkpt lat="2.949999" lon="101.674708">
<ele>42</ele>
<time>2026-09-10T00:37:17Z</time></trkpt>
<trkpt lat="2.949973" lon="101.674699">
<ele>42</ele>
<time>2026-09-10T00:37:18Z</time></trkpt>
<trkpt lat="2.949827" lon="101.674684">
<ele>42</ele>
<time>2026-09-10T00:37:24Z</time></trkpt>
<trkpt lat="2.949644" lon="101.674699">
<ele>42</ele>
<time>2026-09-10T00:37:32Z</time></trkpt>
<trkpt lat="2.949472" lon="101.674686">
<ele>42</ele>
<time>2026-09-10T00:37:38Z</time></trkpt>
<trkpt lat="2.949388" lon="101.674687">
<ele>42</ele>
<time>2026-09-10T00:37:42Z</time></trkpt>
<trkpt lat="2.949303" lon="101.674682">
<ele>42</ele>
<time>2026-09-10T00:37:45Z</time></trkpt>
<trkpt lat="2.94903" lon="101.674682">
<ele>41</ele>
<time>2026-09-10T00:37:56Z</time></trkpt>
<trkpt lat="2.948925" lon="101.674687">
<ele>40</ele>
<time>2026-09-10T00:38:00Z</time></trkpt>
<trkpt lat="2.948844" lon="101.674682">
<ele>40</ele>
<time>2026-09-10T00:38:04Z</time></trkpt>
<trkpt lat="2.948663" lon="101.67468">
<ele>39</ele>
<time>2026-09-10T00:38:11Z</time></trkpt>
<trkpt lat="2.948583" lon="101.67467">
<ele>39</ele>
<time>2026-09-10T00:38:14Z</time></trkpt>
<trkpt lat="2.948418" lon="101.674639">
<ele>38</ele>
<time>2026-09-10T00:38:21Z</time></trkpt>
<trkpt lat="2.948281" lon="101.674627">
<ele>38</ele>
<time>2026-09-10T00:38:26Z</time></trkpt>
<trkpt lat="2.948163" lon="101.674608">
<ele>38</ele>
<time>2026-09-10T00:38:31Z</time></trkpt>
<trkpt lat="2.948053" lon="101.674596">
<ele>37</ele>
<time>2026-09-10T00:38:36Z</time></trkpt>
<trkpt lat="2.947826" lon="101.674563">
<ele>37</ele>
<time>2026-09-10T00:38:45Z</time></trkpt>
<trkpt lat="2.947687" lon="101.674553">
<ele>36</ele>
<time>2026-09-10T00:38:50Z</time></trkpt>
<trkpt lat="2.947612" lon="101.674539">
<ele>36</ele>
<time>2026-09-10T00:38:53Z</time></trkpt>
<trkpt lat="2.947549" lon="101.674522">
<ele>36</ele>
<time>2026-09-10T00:38:56Z</time></trkpt>
<trkpt lat="2.9474" lon="101.674494">
<ele>35</ele>
<time>2026-09-10T00:39:02Z</time></trkpt>
<trkpt lat="2.947205" lon="101.674464">
<ele>34</ele>
<time>2026-09-10T00:39:10Z</time></trkpt>
<trkpt lat="2.947127" lon="101.674444">
<ele>34</ele>
<time>2026-09-10T00:39:13Z</time></trkpt>
<trkpt lat="2.946949" lon="101.674387">
<ele>33</ele>
<time>2026-09-10T00:39:21Z</time></trkpt>
<trkpt lat="2.94688" lon="101.674348">
<ele>33</ele>
<time>2026-09-10T00:39:24Z</time></trkpt>
<trkpt lat="2.946849" lon="101.674321">
<ele>33</ele>
<time>2026-09-10T00:39:26Z</time></trkpt>
<trkpt lat="2.946826" lon="101.674288">
<ele>33</ele>
<time>2026-09-10T00:39:27Z</time></trkpt>
<trkpt lat="2.946795" lon="101.674209">
<ele>34</ele>
<time>2026-09-10T00:39:31Z</time></trkpt>
<trkpt lat="2.946785" lon="101.674166">
<ele>34</ele>
<time>2026-09-10T00:39:32Z</time></trkpt>
<trkpt lat="2.946755" lon="101.673986">
<ele>33</ele>
<time>2026-09-10T00:39:40Z</time></trkpt>
<trkpt lat="2.946738" lon="101.673844">
<ele>32</ele>
<time>2026-09-10T00:39:45Z</time></trkpt>
<trkpt lat="2.946707" lon="101.673717">
<ele>31</ele>
<time>2026-09-10T00:39:51Z</time></trkpt>
<trkpt lat="2.9467" lon="101.673675">
<ele>31</ele>
<time>2026-09-10T00:39:52Z</time></trkpt>
<trkpt lat="2.946698" lon="101.673633">
<ele>31</ele>
<time>2026-09-10T00:39:54Z</time></trkpt>
<trkpt lat="2.946704" lon="101.673506">
<ele>30</ele>
<time>2026-09-10T00:39:59Z</time></trkpt>
<trkpt lat="2.9467" lon="101.673401">
<ele>30</ele>
<time>2026-09-10T00:40:03Z</time></trkpt>
<trkpt lat="2.946691" lon="101.673257">
<ele>29</ele>
<time>2026-09-10T00:40:09Z</time></trkpt>
<trkpt lat="2.946676" lon="101.673118">
<ele>29</ele>
<time>2026-09-10T00:40:15Z</time></trkpt>
<trkpt lat="2.946655" lon="101.67282">
<ele>29</ele>
<time>2026-09-10T00:40:27Z</time></trkpt>
<trkpt lat="2.946648" lon="101.672606">
<ele>29</ele>
<time>2026-09-10T00:40:35Z</time></trkpt>
<trkpt lat="2.94664" lon="101.672485">
<ele>29</ele>
<time>2026-09-10T00:40:40Z</time></trkpt>
<trkpt lat="2.946626" lon="101.672328">
<ele>29</ele>
<time>2026-09-10T00:40:46Z</time></trkpt>
<trkpt lat="2.946612" lon="101.672224">
<ele>30</ele>
<time>2026-09-10T00:40:51Z</time></trkpt>
<trkpt lat="2.946609" lon="101.671982">
<ele>30</ele>
<time>2026-09-10T00:41:00Z</time></trkpt>
<trkpt lat="2.946606" lon="101.671939">
<ele>30</ele>
<time>2026-09-10T00:41:02Z</time></trkpt>
<trkpt lat="2.94658" lon="101.671772">
<ele>30</ele>
<time>2026-09-10T00:41:09Z</time></trkpt>
<trkpt lat="2.94657" lon="101.671645">
<ele>31</ele>
<time>2026-09-10T00:41:14Z</time></trkpt>
<trkpt lat="2.946536" lon="101.671373">
<ele>31</ele>
<time>2026-09-10T00:41:25Z</time></trkpt>
<trkpt lat="2.946531" lon="101.671255">
<ele>31</ele>
<time>2026-09-10T00:41:29Z</time></trkpt>
<trkpt lat="2.946525" lon="101.67122">
<ele>30</ele>
<time>2026-09-10T00:41:31Z</time></trkpt>
<trkpt lat="2.946516" lon="101.671105">
<ele>30</ele>
<time>2026-09-10T00:41:36Z</time></trkpt>
<trkpt lat="2.946488" lon="101.670859">
<ele>30</ele>
<time>2026-09-10T00:41:45Z</time></trkpt>
<trkpt lat="2.94647" lon="101.670647">
<ele>30</ele>
<time>2026-09-10T00:41:54Z</time></trkpt>
<trkpt lat="2.946456" lon="101.670561">
<ele>30</ele>
<time>2026-09-10T00:41:57Z</time></trkpt>
<trkpt lat="2.946431" lon="101.670452">
<ele>29</ele>
<time>2026-09-10T00:42:02Z</time></trkpt>
<trkpt lat="2.946433" lon="101.670314">
<ele>29</ele>
<time>2026-09-10T00:42:07Z</time></trkpt>
<trkpt lat="2.946428" lon="101.670218">
<ele>29</ele>
<time>2026-09-10T00:42:11Z</time></trkpt>
<trkpt lat="2.946418" lon="101.670121">
<ele>29</ele>
<time>2026-09-10T00:42:15Z</time></trkpt>
<trkpt lat="2.946361" lon="101.66977">
<ele>30</ele>
<time>2026-09-10T00:42:29Z</time></trkpt>
<trkpt lat="2.946315" lon="101.66956">
<ele>30</ele>
<time>2026-09-10T00:42:38Z</time></trkpt>
<trkpt lat="2.9463" lon="101.669472">
<ele>31</ele>
<time>2026-09-10T00:42:42Z</time></trkpt>
<trkpt lat="2.946278" lon="101.66939">
<ele>31</ele>
<time>2026-09-10T00:42:45Z</time></trkpt>
<trkpt lat="2.946259" lon="101.669298">
<ele>31</ele>
<time>2026-09-10T00:42:49Z</time></trkpt>
<trkpt lat="2.946213" lon="101.668949">
<ele>33</ele>
<time>2026-09-10T00:43:03Z</time></trkpt>
<trkpt lat="2.946184" lon="101.668608">
<ele>34</ele>
<time>2026-09-10T00:43:17Z</time></trkpt>
<trkpt lat="2.946167" lon="101.668542">
<ele>34</ele>
<time>2026-09-10T00:43:19Z</time></trkpt>
<trkpt lat="2.946121" lon="101.66844">
<ele>34</ele>
<time>2026-09-10T00:43:24Z</time></trkpt>
<trkpt lat="2.94607" lon="101.668339">
<ele>34</ele>
<time>2026-09-10T00:43:28Z</time></trkpt>
<trkpt lat="2.946053" lon="101.668292">
<ele>33</ele>
<time>2026-09-10T00:43:30Z</time></trkpt>
<trkpt lat="2.945999" lon="101.668177">
<ele>33</ele>
<time>2026-09-10T00:43:35Z</time></trkpt>
<trkpt lat="2.945958" lon="101.668082">
<ele>33</ele>
<time>2026-09-10T00:43:40Z</time></trkpt>
<trkpt lat="2.945925" lon="101.667992">
<ele>33</ele>
<time>2026-09-10T00:43:43Z</time></trkpt>
<trkpt lat="2.94587" lon="101.667869">
<ele>33</ele>
<time>2026-09-10T00:43:49Z</time></trkpt>
<trkpt lat="2.945803" lon="101.667692">
<ele>32</ele>
<time>2026-09-10T00:43:56Z</time></trkpt>
<trkpt lat="2.945708" lon="101.667423">
<ele>32</ele>
<time>2026-09-10T00:44:08Z</time></trkpt>
<trkpt lat="2.945671" lon="101.667338">
<ele>32</ele>
<time>2026-09-10T00:44:11Z</time></trkpt>
<trkpt lat="2.945546" lon="101.667012">
<ele>31</ele>
<time>2026-09-10T00:44:25Z</time></trkpt>
<trkpt lat="2.94552" lon="101.666932">
<ele>31</ele>
<time>2026-09-10T00:44:29Z</time></trkpt>
<trkpt lat="2.945512" lon="101.666891">
<ele>31</ele>
<time>2026-09-10T00:44:30Z</time></trkpt>
<trkpt lat="2.945512" lon="101.66683">
<ele>31</ele>
<time>2026-09-10T00:44:33Z</time></trkpt>
<trkpt lat="2.945522" lon="101.666769">
<ele>31</ele>
<time>2026-09-10T00:44:35Z</time></trkpt>
<trkpt lat="2.945588" lon="101.666525">
<ele>32</ele>
<time>2026-09-10T00:44:45Z</time></trkpt>
<trkpt lat="2.945606" lon="101.666469">
<ele>32</ele>
<time>2026-09-10T00:44:48Z</time></trkpt>
<trkpt lat="2.945635" lon="101.666398">
<ele>32</ele>
<time>2026-09-10T00:44:51Z</time></trkpt>
<trkpt lat="2.945669" lon="101.666336">
<ele>33</ele>
<time>2026-09-10T00:44:54Z</time></trkpt>
<trkpt lat="2.945692" lon="101.666312">
<ele>33</ele>
<time>2026-09-10T00:44:55Z</time></trkpt>
<trkpt lat="2.945719" lon="101.666294">
<ele>33</ele>
<time>2026-09-10T00:44:56Z</time></trkpt>
<trkpt lat="2.945749" lon="101.666278">
<ele>33</ele>
<time>2026-09-10T00:44:58Z</time></trkpt>
<trkpt lat="2.945781" lon="101.666268">
<ele>34</ele>
<time>2026-09-10T00:44:59Z</time></trkpt>
<trkpt lat="2.945851" lon="101.666255">
<ele>34</ele>
<time>2026-09-10T00:45:02Z</time></trkpt>
<trkpt lat="2.945979" lon="101.666252">
<ele>36</ele>
<time>2026-09-10T00:45:07Z</time></trkpt>
<trkpt lat="2.946337" lon="101.666233">
<ele>40</ele>
<time>2026-09-10T00:45:21Z</time></trkpt>
<trkpt lat="2.946468" lon="101.666235">
<ele>41</ele>
<time>2026-09-10T00:45:27Z</time></trkpt>
<trkpt lat="2.946549" lon="101.666231">
<ele>42</ele>
<time>2026-09-10T00:45:30Z</time></trkpt>
<trkpt lat="2.946632" lon="101.666231">
<ele>43</ele>
<time>2026-09-10T00:45:33Z</time></trkpt>
<trkpt lat="2.946796" lon="101.666241">
<ele>46</ele>
<time>2026-09-10T00:45:40Z</time></trkpt>
<trkpt lat="2.946957" lon="101.666239">
<ele>49</ele>
<time>2026-09-10T00:45:46Z</time></trkpt>
<trkpt lat="2.947014" lon="101.666237">
<ele>50</ele>
<time>2026-09-10T00:45:49Z</time></trkpt>
<trkpt lat="2.947051" lon="101.666232">
<ele>51</ele>
<time>2026-09-10T00:45:50Z</time></trkpt>
<trkpt lat="2.947088" lon="101.666225">
<ele>52</ele>
<time>2026-09-10T00:45:52Z</time></trkpt>
<trkpt lat="2.947123" lon="101.666214">
<ele>52</ele>
<time>2026-09-10T00:45:53Z</time></trkpt>
<trkpt lat="2.947191" lon="101.666178">
<ele>54</ele>
<time>2026-09-10T00:45:56Z</time></trkpt>
<trkpt lat="2.947253" lon="101.666129">
<ele>55</ele>
<time>2026-09-10T00:45:59Z</time></trkpt>
<trkpt lat="2.947468" lon="101.665939">
<ele>59</ele>
<time>2026-09-10T00:46:11Z</time></trkpt>
<trkpt lat="2.947553" lon="101.665854">
<ele>61</ele>
<time>2026-09-10T00:46:16Z</time></trkpt>
<trkpt lat="2.94764" lon="101.665777">
<ele>63</ele>
<time>2026-09-10T00:46:20Z</time></trkpt>
<trkpt lat="2.947771" lon="101.665648">
<ele>65</ele>
<time>2026-09-10T00:46:28Z</time></trkpt>
<trkpt lat="2.947808" lon="101.665604">
<ele>65</ele>
<time>2026-09-10T00:46:30Z</time></trkpt>
<trkpt lat="2.947926" lon="101.665438">
<ele>67</ele>
<time>2026-09-10T00:46:38Z</time></trkpt>
<trkpt lat="2.948003" lon="101.665341">
<ele>68</ele>
<time>2026-09-10T00:46:43Z</time></trkpt>
<trkpt lat="2.948137" lon="101.665155">
<ele>68</ele>
<time>2026-09-10T00:46:52Z</time></trkpt>
<trkpt lat="2.948296" lon="101.664951">
<ele>68</ele>
<time>2026-09-10T00:47:03Z</time></trkpt>
<trkpt lat="2.948361" lon="101.664861">
<ele>67</ele>
<time>2026-09-10T00:47:07Z</time></trkpt>
<trkpt lat="2.948382" lon="101.664831">
<ele>66</ele>
<time>2026-09-10T00:47:08Z</time></trkpt>
<trkpt lat="2.948436" lon="101.664739">
<ele>63</ele>
<time>2026-09-10T00:47:13Z</time></trkpt>
<trkpt lat="2.948479" lon="101.664639">
<ele>61</ele>
<time>2026-09-10T00:47:17Z</time></trkpt>
<trkpt lat="2.948489" lon="101.664601">
<ele>60</ele>
<time>2026-09-10T00:47:19Z</time></trkpt>
<trkpt lat="2.948493" lon="101.664563">
<ele>60</ele>
<time>2026-09-10T00:47:20Z</time></trkpt>
<trkpt lat="2.94849" lon="101.664487">
<ele>59</ele>
<time>2026-09-10T00:47:23Z</time></trkpt>
<trkpt lat="2.948476" lon="101.664409">
<ele>58</ele>
<time>2026-09-10T00:47:26Z</time></trkpt>
<trkpt lat="2.94843" lon="101.664261">
<ele>57</ele>
<time>2026-09-10T00:47:33Z</time></trkpt>
<trkpt lat="2.948423" lon="101.664221">
<ele>57</ele>
<time>2026-09-10T00:47:34Z</time></trkpt>
<trkpt lat="2.948419" lon="101.664177">
<ele>56</ele>
<time>2026-09-10T00:47:36Z</time></trkpt>
<trkpt lat="2.948421" lon="101.663992">
<ele>53</ele>
<time>2026-09-10T00:47:43Z</time></trkpt>
<trkpt lat="2.948411" lon="101.663892">
<ele>52</ele>
<time>2026-09-10T00:47:47Z</time></trkpt>
<trkpt lat="2.948399" lon="101.663842">
<ele>51</ele>
<time>2026-09-10T00:47:50Z</time></trkpt>
<trkpt lat="2.948381" lon="101.663798">
<ele>51</ele>
<time>2026-09-10T00:47:51Z</time></trkpt>
<trkpt lat="2.948358" lon="101.663762">
<ele>51</ele>
<time>2026-09-10T00:47:53Z</time></trkpt>
<trkpt lat="2.94833" lon="101.663734">
<ele>51</ele>
<time>2026-09-10T00:47:55Z</time></trkpt>
<trkpt lat="2.9483" lon="101.663715">
<ele>51</ele>
<time>2026-09-10T00:47:56Z</time></trkpt>
<trkpt lat="2.948229" lon="101.663676">
<ele>50</ele>
<time>2026-09-10T00:47:59Z</time></trkpt>
<trkpt lat="2.948106" lon="101.663617">
<ele>49</ele>
<time>2026-09-10T00:48:05Z</time></trkpt>
<trkpt lat="2.94809" lon="101.663611">
<ele>49</ele>
<time>2026-09-10T00:48:06Z</time></trkpt>
<trkpt lat="2.948079" lon="101.663633">
<ele>50</ele>
<time>2026-09-10T00:48:07Z</time></trkpt>
<trkpt lat="2.948072" lon="101.663637">
<ele>50</ele>
<time>2026-09-10T00:48:07Z</time></trkpt>
<trkpt lat="2.948063" lon="101.663634">
<ele>50</ele>
<time>2026-09-10T00:48:07Z</time></trkpt>
<trkpt lat="2.948054" lon="101.663625">
<ele>50</ele>
<time>2026-09-10T00:48:08Z</time></trkpt>
<trkpt lat="2.948053" lon="101.663616">
<ele>50</ele>
<time>2026-09-10T00:48:08Z</time></trkpt>
<trkpt lat="2.948068" lon="101.663599">
<ele>49</ele>
<time>2026-09-10T00:48:09Z</time></trkpt>
<trkpt lat="2.948077" lon="101.663581">
<ele>49</ele>
<time>2026-09-10T00:48:10Z</time></trkpt>
<trkpt lat="2.948072" lon="101.663569">
<ele>49</ele>
<time>2026-09-10T00:48:10Z</time></trkpt>
<trkpt lat="2.948056" lon="101.663557">
<ele>49</ele>
<time>2026-09-10T00:48:11Z</time></trkpt>
<trkpt lat="2.948008" lon="101.66353">
<ele>48</ele>
<time>2026-09-10T00:48:13Z</time></trkpt>
<trkpt lat="2.947924" lon="101.66349">
<ele>48</ele>
<time>2026-09-10T00:48:17Z</time></trkpt>
<trkpt lat="2.947906" lon="101.663485">
<ele>48</ele>
<time>2026-09-10T00:48:18Z</time></trkpt>
<trkpt lat="2.947894" lon="101.663488">
<ele>48</ele>
<time>2026-09-10T00:48:18Z</time></trkpt>
<trkpt lat="2.94789" lon="101.663495">
<ele>48</ele>
<time>2026-09-10T00:48:19Z</time></trkpt>
<trkpt lat="2.947847" lon="101.663451">
<ele>47</ele>
<time>2026-09-10T00:48:21Z</time></trkpt>
<trkpt lat="2.947793" lon="101.663411">
<ele>47</ele>
<time>2026-09-10T00:48:24Z</time></trkpt>
<trkpt lat="2.94775" lon="101.663372">
<ele>46</ele>
<time>2026-09-10T00:48:26Z</time></trkpt>
<trkpt lat="2.947679" lon="101.663325">
<ele>45</ele>
<time>2026-09-10T00:48:30Z</time></trkpt>
<trkpt lat="2.947536" lon="101.663221">
<ele>44</ele>
<time>2026-09-10T00:48:37Z</time></trkpt>
<trkpt lat="2.947421" lon="101.663147">
<ele>43</ele>
<time>2026-09-10T00:48:42Z</time></trkpt>
<trkpt lat="2.947339" lon="101.663084">
<ele>42</ele>
<time>2026-09-10T00:48:46Z</time></trkpt>
<trkpt lat="2.947192" lon="101.66298">
<ele>39</ele>
<time>2026-09-10T00:48:53Z</time></trkpt>
<trkpt lat="2.947114" lon="101.662933">
<ele>39</ele>
<time>2026-09-10T00:48:57Z</time></trkpt>
<trkpt lat="2.947057" lon="101.662893">
<ele>38</ele>
<time>2026-09-10T00:49:00Z</time></trkpt>
<trkpt lat="2.946967" lon="101.662846">
<ele>37</ele>
<time>2026-09-10T00:49:04Z</time></trkpt>
<trkpt lat="2.946838" lon="101.662773">
<ele>36</ele>
<time>2026-09-10T00:49:10Z</time></trkpt>
<trkpt lat="2.946762" lon="101.662701">
<ele>35</ele>
<time>2026-09-10T00:49:14Z</time></trkpt>
<trkpt lat="2.946722" lon="101.662682">
<ele>34</ele>
<time>2026-09-10T00:49:16Z</time></trkpt>
<trkpt lat="2.946653" lon="101.66264">
<ele>34</ele>
<time>2026-09-10T00:49:19Z</time></trkpt>
<trkpt lat="2.946563" lon="101.662568">
<ele>32</ele>
<time>2026-09-10T00:49:24Z</time></trkpt>
<trkpt lat="2.94654" lon="101.662553">
<ele>32</ele>
<time>2026-09-10T00:49:25Z</time></trkpt>
<trkpt lat="2.94646" lon="101.662511">
<ele>30</ele>
<time>2026-09-10T00:49:28Z</time></trkpt>
<trkpt lat="2.94641" lon="101.66248">
<ele>30</ele>
<time>2026-09-10T00:49:31Z</time></trkpt>
<trkpt lat="2.946402" lon="101.662478">
<ele>30</ele>
<time>2026-09-10T00:49:31Z</time></trkpt>
<trkpt lat="2.946388" lon="101.662481">
<ele>30</ele>
<time>2026-09-10T00:49:32Z</time></trkpt>
<trkpt lat="2.946378" lon="101.662476">
<ele>29</ele>
<time>2026-09-10T00:49:32Z</time></trkpt>
<trkpt lat="2.94636" lon="101.66246">
<ele>29</ele>
<time>2026-09-10T00:49:33Z</time></trkpt>
<trkpt lat="2.946281" lon="101.662405">
<ele>28</ele>
<time>2026-09-10T00:49:37Z</time></trkpt>
<trkpt lat="2.946243" lon="101.662373">
<ele>28</ele>
<time>2026-09-10T00:49:39Z</time></trkpt>
<trkpt lat="2.94611" lon="101.662231">
<ele>26</ele>
<time>2026-09-10T00:49:47Z</time></trkpt>
<trkpt lat="2.946077" lon="101.6622">
<ele>26</ele>
<time>2026-09-10T00:49:49Z</time></trkpt>
<trkpt lat="2.94604" lon="101.662173">
<ele>26</ele>
<time>2026-09-10T00:49:50Z</time></trkpt>
<trkpt lat="2.945865" lon="101.662058">
<ele>24</ele>
<time>2026-09-10T00:49:59Z</time></trkpt>
<trkpt lat="2.945808" lon="101.662028">
<ele>24</ele>
<time>2026-09-10T00:50:01Z</time></trkpt>
<trkpt lat="2.945697" lon="101.661962">
<ele>23</ele>
<time>2026-09-10T00:50:07Z</time></trkpt>
<trkpt lat="2.945514" lon="101.661832">
<ele>23</ele>
<time>2026-09-10T00:50:16Z</time></trkpt>
<trkpt lat="2.945291" lon="101.661696">
<ele>22</ele>
<time>2026-09-10T00:50:26Z</time></trkpt>
<trkpt lat="2.944955" lon="101.661457">
<ele>23</ele>
<time>2026-09-10T00:50:42Z</time></trkpt>
<trkpt lat="2.944842" lon="101.661385">
<ele>23</ele>
<time>2026-09-10T00:50:48Z</time></trkpt>
<trkpt lat="2.944701" lon="101.661307">
<ele>24</ele>
<time>2026-09-10T00:50:54Z</time></trkpt>
<trkpt lat="2.944547" lon="101.661206">
<ele>26</ele>
<time>2026-09-10T00:51:02Z</time></trkpt>
<trkpt lat="2.944477" lon="101.661156">
<ele>26</ele>
<time>2026-09-10T00:51:05Z</time></trkpt>
<trkpt lat="2.944425" lon="101.661126">
<ele>27</ele>
<time>2026-09-10T00:51:08Z</time></trkpt>
<trkpt lat="2.944335" lon="101.661088">
<ele>27</ele>
<time>2026-09-10T00:51:11Z</time></trkpt>
<trkpt lat="2.944296" lon="101.661078">
<ele>27</ele>
<time>2026-09-10T00:51:13Z</time></trkpt>
<trkpt lat="2.944217" lon="101.66107">
<ele>28</ele>
<time>2026-09-10T00:51:16Z</time></trkpt>
<trkpt lat="2.94418" lon="101.661076">
<ele>28</ele>
<time>2026-09-10T00:51:18Z</time></trkpt>
<trkpt lat="2.944162" lon="101.661083">
<ele>28</ele>
<time>2026-09-10T00:51:19Z</time></trkpt>
<trkpt lat="2.944145" lon="101.661091">
<ele>28</ele>
<time>2026-09-10T00:51:19Z</time></trkpt>
<trkpt lat="2.944113" lon="101.661115">
<ele>28</ele>
<time>2026-09-10T00:51:21Z</time></trkpt>
<trkpt lat="2.944069" lon="101.661159">
<ele>28</ele>
<time>2026-09-10T00:51:23Z</time></trkpt>
<trkpt lat="2.944001" lon="101.661238">
<ele>29</ele>
<time>2026-09-10T00:51:28Z</time></trkpt>
<trkpt lat="2.943955" lon="101.661286">
<ele>29</ele>
<time>2026-09-10T00:51:30Z</time></trkpt>
<trkpt lat="2.943629" lon="101.661597">
<ele>30</ele>
<time>2026-09-10T00:51:48Z</time></trkpt>
<trkpt lat="2.943136" lon="101.662006">
<ele>29</ele>
<time>2026-09-10T00:52:14Z</time></trkpt>
<trkpt lat="2.942942" lon="101.662182">
<ele>28</ele>
<time>2026-09-10T00:52:24Z</time></trkpt>
<trkpt lat="2.942881" lon="101.662233">
<ele>28</ele>
<time>2026-09-10T00:52:28Z</time></trkpt>
<trkpt lat="2.942746" lon="101.66236">
<ele>27</ele>
<time>2026-09-10T00:52:35Z</time></trkpt>
<trkpt lat="2.942526" lon="101.662552">
<ele>27</ele>
<time>2026-09-10T00:52:47Z</time></trkpt>
<trkpt lat="2.942261" lon="101.66276">
<ele>26</ele>
<time>2026-09-10T00:53:00Z</time></trkpt>
<trkpt lat="2.942081" lon="101.662915">
<ele>26</ele>
<time>2026-09-10T00:53:10Z</time></trkpt>
<trkpt lat="2.941985" lon="101.663007">
<ele>25</ele>
<time>2026-09-10T00:53:15Z</time></trkpt>
<trkpt lat="2.941828" lon="101.663149">
<ele>24</ele>
<time>2026-09-10T00:53:24Z</time></trkpt>
<trkpt lat="2.941659" lon="101.663322">
<ele>23</ele>
<time>2026-09-10T00:53:33Z</time></trkpt>
<trkpt lat="2.94148" lon="101.663521">
<ele>24</ele>
<time>2026-09-10T00:53:44Z</time></trkpt>
<trkpt lat="2.941302" lon="101.663686">
<ele>25</ele>
<time>2026-09-10T00:53:54Z</time></trkpt>
<trkpt lat="2.941236" lon="101.663751">
<ele>26</ele>
<time>2026-09-10T00:53:57Z</time></trkpt>
<trkpt lat="2.941129" lon="101.663845">
<ele>26</ele>
<time>2026-09-10T00:54:03Z</time></trkpt>
<trkpt lat="2.940765" lon="101.664182">
<ele>27</ele>
<time>2026-09-10T00:54:23Z</time></trkpt>
<trkpt lat="2.94069" lon="101.664236">
<ele>27</ele>
<time>2026-09-10T00:54:27Z</time></trkpt>
<trkpt lat="2.940575" lon="101.66431">
<ele>28</ele>
<time>2026-09-10T00:54:32Z</time></trkpt>
<trkpt lat="2.940264" lon="101.664477">
<ele>29</ele>
<time>2026-09-10T00:54:46Z</time></trkpt>
<trkpt lat="2.940103" lon="101.664547">
<ele>29</ele>
<time>2026-09-10T00:54:53Z</time></trkpt>
<trkpt lat="2.93996" lon="101.664595">
<ele>29</ele>
<time>2026-09-10T00:54:59Z</time></trkpt>
<trkpt lat="2.939881" lon="101.664614">
<ele>29</ele>
<time>2026-09-10T00:55:03Z</time></trkpt>
<trkpt lat="2.939674" lon="101.664644">
<ele>29</ele>
<time>2026-09-10T00:55:11Z</time></trkpt>
<trkpt lat="2.939557" lon="101.664654">
<ele>29</ele>
<time>2026-09-10T00:55:16Z</time></trkpt>
<trkpt lat="2.939384" lon="101.664676">
<ele>30</ele>
<time>2026-09-10T00:55:23Z</time></trkpt>
<trkpt lat="2.939269" lon="101.664682">
<ele>30</ele>
<time>2026-09-10T00:55:27Z</time></trkpt>
<trkpt lat="2.939159" lon="101.664678">
<ele>30</ele>
<time>2026-09-10T00:55:32Z</time></trkpt>
<trkpt lat="2.938963" lon="101.664664">
<ele>31</ele>
<time>2026-09-10T00:55:40Z</time></trkpt>
<trkpt lat="2.93883" lon="101.664649">
<ele>31</ele>
<time>2026-09-10T00:55:45Z</time></trkpt>
<trkpt lat="2.938774" lon="101.664639">
<ele>32</ele>
<time>2026-09-10T00:55:47Z</time></trkpt>
<trkpt lat="2.938684" lon="101.664613">
<ele>32</ele>
<time>2026-09-10T00:55:51Z</time></trkpt>
<trkpt lat="2.938589" lon="101.664596">
<ele>33</ele>
<time>2026-09-10T00:55:55Z</time></trkpt>
<trkpt lat="2.938482" lon="101.664564">
<ele>33</ele>
<time>2026-09-10T00:55:59Z</time></trkpt>
<trkpt lat="2.938408" lon="101.664547">
<ele>34</ele>
<time>2026-09-10T00:56:02Z</time></trkpt>
<trkpt lat="2.938357" lon="101.664528">
<ele>34</ele>
<time>2026-09-10T00:56:05Z</time></trkpt>
<trkpt lat="2.938262" lon="101.664482">
<ele>35</ele>
<time>2026-09-10T00:56:09Z</time></trkpt>
<trkpt lat="2.938096" lon="101.664422">
<ele>36</ele>
<time>2026-09-10T00:56:16Z</time></trkpt>
<trkpt lat="2.937878" lon="101.664327">
<ele>38</ele>
<time>2026-09-10T00:56:25Z</time></trkpt>
<trkpt lat="2.937855" lon="101.664313">
<ele>39</ele>
<time>2026-09-10T00:56:26Z</time></trkpt>
<trkpt lat="2.937776" lon="101.664249">
<ele>39</ele>
<time>2026-09-10T00:56:31Z</time></trkpt>
<trkpt lat="2.937709" lon="101.664212">
<ele>40</ele>
<time>2026-09-10T00:56:34Z</time></trkpt>
<trkpt lat="2.937659" lon="101.664179">
<ele>41</ele>
<time>2026-09-10T00:56:36Z</time></trkpt>
<trkpt lat="2.937438" lon="101.664009">
<ele>43</ele>
<time>2026-09-10T00:56:47Z</time></trkpt>
<trkpt lat="2.937403" lon="101.663979">
<ele>43</ele>
<time>2026-09-10T00:56:49Z</time></trkpt>
<trkpt lat="2.937231" lon="101.663804">
<ele>44</ele>
<time>2026-09-10T00:56:59Z</time></trkpt>
<trkpt lat="2.937128" lon="101.663711">
<ele>44</ele>
<time>2026-09-10T00:57:04Z</time></trkpt>
<trkpt lat="2.937047" lon="101.663627">
<ele>44</ele>
<time>2026-09-10T00:57:09Z</time></trkpt>
<trkpt lat="2.936898" lon="101.663452">
<ele>44</ele>
<time>2026-09-10T00:57:18Z</time></trkpt>
<trkpt lat="2.936834" lon="101.663366">
<ele>44</ele>
<time>2026-09-10T00:57:23Z</time></trkpt>
<trkpt lat="2.936766" lon="101.663294">
<ele>43</ele>
<time>2026-09-10T00:57:27Z</time></trkpt>
<trkpt lat="2.936719" lon="101.663226">
<ele>43</ele>
<time>2026-09-10T00:57:30Z</time></trkpt>
<trkpt lat="2.936668" lon="101.663163">
<ele>43</ele>
<time>2026-09-10T00:57:33Z</time></trkpt>
<trkpt lat="2.936609" lon="101.663102">
<ele>43</ele>
<time>2026-09-10T00:57:36Z</time></trkpt>
<trkpt lat="2.936578" lon="101.663059">
<ele>43</ele>
<time>2026-09-10T00:57:39Z</time></trkpt>
<trkpt lat="2.93638" lon="101.662823">
<ele>43</ele>
<time>2026-09-10T00:57:51Z</time></trkpt>
<trkpt lat="2.936263" lon="101.662715">
<ele>43</ele>
<time>2026-09-10T00:57:57Z</time></trkpt>
<trkpt lat="2.936217" lon="101.662653">
<ele>42</ele>
<time>2026-09-10T00:58:00Z</time></trkpt>
<trkpt lat="2.936164" lon="101.662589">
<ele>42</ele>
<time>2026-09-10T00:58:04Z</time></trkpt>
<trkpt lat="2.936116" lon="101.662523">
<ele>42</ele>
<time>2026-09-10T00:58:07Z</time></trkpt>
<trkpt lat="2.935984" lon="101.662394">
<ele>42</ele>
<time>2026-09-10T00:58:14Z</time></trkpt>
<trkpt lat="2.935897" lon="101.662281">
<ele>43</ele>
<time>2026-09-10T00:58:20Z</time></trkpt>
<trkpt lat="2.935822" lon="101.662202">
<ele>43</ele>
<time>2026-09-10T00:58:24Z</time></trkpt>
<trkpt lat="2.935685" lon="101.662043">
<ele>42</ele>
<time>2026-09-10T00:58:33Z</time></trkpt>
<trkpt lat="2.935604" lon="101.661955">
<ele>41</ele>
<time>2026-09-10T00:58:38Z</time></trkpt>
<trkpt lat="2.935461" lon="101.661813">
<ele>40</ele>
<time>2026-09-10T00:58:46Z</time></trkpt>
<trkpt lat="2.935354" lon="101.661692">
<ele>39</ele>
<time>2026-09-10T00:58:52Z</time></trkpt>
<trkpt lat="2.935303" lon="101.661645">
<ele>39</ele>
<time>2026-09-10T00:58:55Z</time></trkpt>
<trkpt lat="2.93517" lon="101.661545">
<ele>38</ele>
<time>2026-09-10T00:59:02Z</time></trkpt>
<trkpt lat="2.935106" lon="101.66149">
<ele>38</ele>
<time>2026-09-10T00:59:05Z</time></trkpt>
<trkpt lat="2.935051" lon="101.661455">
<ele>38</ele>
<time>2026-09-10T00:59:08Z</time></trkpt>
<trkpt lat="2.934935" lon="101.661365">
<ele>37</ele>
<time>2026-09-10T00:59:13Z</time></trkpt>
<trkpt lat="2.934841" lon="101.661303">
<ele>36</ele>
<time>2026-09-10T00:59:18Z</time></trkpt>
<trkpt lat="2.93473" lon="101.661236">
<ele>35</ele>
<time>2026-09-10T00:59:23Z</time></trkpt>
<trkpt lat="2.934516" lon="101.661124">
<ele>34</ele>
<time>2026-09-10T00:59:33Z</time></trkpt>
<trkpt lat="2.934413" lon="101.661081">
<ele>33</ele>
<time>2026-09-10T00:59:37Z</time></trkpt>
<trkpt lat="2.934257" lon="101.661032">
<ele>31</ele>
<time>2026-09-10T00:59:44Z</time></trkpt>
<trkpt lat="2.93414" lon="101.660989">
<ele>30</ele>
<time>2026-09-10T00:59:49Z</time></trkpt>
<trkpt lat="2.934088" lon="101.660977">
<ele>30</ele>
<time>2026-09-10T00:59:51Z</time></trkpt>
<trkpt lat="2.933852" lon="101.66094">
<ele>29</ele>
<time>2026-09-10T01:00:01Z</time></trkpt>
<trkpt lat="2.933676" lon="101.660925">
<ele>28</ele>
<time>2026-09-10T01:00:08Z</time></trkpt>
<trkpt lat="2.933601" lon="101.660925">
<ele>28</ele>
<time>2026-09-10T01:00:11Z</time></trkpt>
<trkpt lat="2.933472" lon="101.660937">
<ele>27</ele>
<time>2026-09-10T01:00:16Z</time></trkpt>
<trkpt lat="2.933328" lon="101.660943">
<ele>26</ele>
<time>2026-09-10T01:00:22Z</time></trkpt>
<trkpt lat="2.9332" lon="101.66093">
<ele>26</ele>
<time>2026-09-10T01:00:27Z</time></trkpt>
<trkpt lat="2.933066" lon="101.660929">
<ele>26</ele>
<time>2026-09-10T01:00:32Z</time></trkpt>
<trkpt lat="2.932979" lon="101.66092">
<ele>26</ele>
<time>2026-09-10T01:00:36Z</time></trkpt>
<trkpt lat="2.93284" lon="101.660949">
<ele>26</ele>
<time>2026-09-10T01:00:41Z</time></trkpt>
<trkpt lat="2.932708" lon="101.660963">
<ele>26</ele>
<time>2026-09-10T01:00:47Z</time></trkpt>
<trkpt lat="2.932536" lon="101.660993">
<ele>26</ele>
<time>2026-09-10T01:00:54Z</time></trkpt>
<trkpt lat="2.932411" lon="101.661029">
<ele>27</ele>
<time>2026-09-10T01:00:59Z</time></trkpt>
<trkpt lat="2.932255" lon="101.661065">
<ele>27</ele>
<time>2026-09-10T01:01:05Z</time></trkpt>
<trkpt lat="2.932235" lon="101.661073">
<ele>27</ele>
<time>2026-09-10T01:01:06Z</time></trkpt>
<trkpt lat="2.932231" lon="101.661081">
<ele>27</ele>
<time>2026-09-10T01:01:07Z</time></trkpt>
<trkpt lat="2.932237" lon="101.661091">
<ele>27</ele>
<time>2026-09-10T01:01:07Z</time></trkpt>
<trkpt lat="2.932262" lon="101.661098">
<ele>27</ele>
<time>2026-09-10T01:01:08Z</time></trkpt>
<trkpt lat="2.932262" lon="101.661103">
<ele>27</ele>
<time>2026-09-10T01:01:08Z</time></trkpt>
<trkpt lat="2.932256" lon="101.661107">
<ele>27</ele>
<time>2026-09-10T01:01:09Z</time></trkpt>
<trkpt lat="2.932246" lon="101.661107">
<ele>27</ele>
<time>2026-09-10T01:01:09Z</time></trkpt>
<trkpt lat="2.93223" lon="101.661097">
<ele>27</ele>
<time>2026-09-10T01:01:10Z</time></trkpt>
<trkpt lat="2.932216" lon="101.661106">
<ele>27</ele>
<time>2026-09-10T01:01:10Z</time></trkpt>
<trkpt lat="2.932205" lon="101.661106">
<ele>27</ele>
<time>2026-09-10T01:01:11Z</time></trkpt>
<trkpt lat="2.932213" lon="101.661094">
<ele>27</ele>
<time>2026-09-10T01:01:11Z</time></trkpt>
<trkpt lat="2.932218" lon="101.661075">
<ele>27</ele>
<time>2026-09-10T01:01:12Z</time></trkpt>
<trkpt lat="2.932212" lon="101.661065">
<ele>27</ele>
<time>2026-09-10T01:01:13Z</time></trkpt>
<trkpt lat="2.932196" lon="101.661064">
<ele>27</ele>
<time>2026-09-10T01:01:13Z</time></trkpt>
<trkpt lat="2.932111" lon="101.661099">
<ele>28</ele>
<time>2026-09-10T01:01:17Z</time></trkpt>
<trkpt lat="2.932094" lon="101.661103">
<ele>28</ele>
<time>2026-09-10T01:01:18Z</time></trkpt>
<trkpt lat="2.932039" lon="101.661109">
<ele>28</ele>
<time>2026-09-10T01:01:20Z</time></trkpt>
<trkpt lat="2.931997" lon="101.661099">
<ele>28</ele>
<time>2026-09-10T01:01:22Z</time></trkpt>
<trkpt lat="2.931918" lon="101.661102">
<ele>28</ele>
<time>2026-09-10T01:01:25Z</time></trkpt>
<trkpt lat="2.931767" lon="101.661142">
<ele>29</ele>
<time>2026-09-10T01:01:31Z</time></trkpt>
<trkpt lat="2.931726" lon="101.661147">
<ele>29</ele>
<time>2026-09-10T01:01:33Z</time></trkpt>
<trkpt lat="2.931697" lon="101.661147">
<ele>29</ele>
<time>2026-09-10T01:01:34Z</time></trkpt>
<trkpt lat="2.931612" lon="101.661162">
<ele>30</ele>
<time>2026-09-10T01:01:37Z</time></trkpt>
<trkpt lat="2.931556" lon="101.661168">
<ele>30</ele>
<time>2026-09-10T01:01:40Z</time></trkpt>
<trkpt lat="2.931228" lon="101.661162">
<ele>29</ele>
<time>2026-09-10T01:01:53Z</time></trkpt>
<trkpt lat="2.931153" lon="101.661157">
<ele>29</ele>
<time>2026-09-10T01:01:56Z</time></trkpt>
<trkpt lat="2.931082" lon="101.661146">
<ele>29</ele>
<time>2026-09-10T01:01:59Z</time></trkpt>
<trkpt lat="2.930803" lon="101.661081">
<ele>29</ele>
<time>2026-09-10T01:02:10Z</time></trkpt>
<trkpt lat="2.930704" lon="101.661048">
<ele>30</ele>
<time>2026-09-10T01:02:14Z</time></trkpt>
<trkpt lat="2.930617" lon="101.661012">
<ele>30</ele>
<time>2026-09-10T01:02:18Z</time></trkpt>
<trkpt lat="2.93057" lon="101.660998">
<ele>30</ele>
<time>2026-09-10T01:02:20Z</time></trkpt>
<trkpt lat="2.930557" lon="101.660991">
<ele>30</ele>
<time>2026-09-10T01:02:21Z</time></trkpt>
<trkpt lat="2.930531" lon="101.660948">
<ele>30</ele>
<time>2026-09-10T01:02:23Z</time></trkpt>
<trkpt lat="2.930513" lon="101.660927">
<ele>30</ele>
<time>2026-09-10T01:02:24Z</time></trkpt>
<trkpt lat="2.930497" lon="101.660914">
<ele>30</ele>
<time>2026-09-10T01:02:25Z</time></trkpt>
<trkpt lat="2.930438" lon="101.660876">
<ele>30</ele>
<time>2026-09-10T01:02:27Z</time></trkpt>
<trkpt lat="2.930338" lon="101.660831">
<ele>30</ele>
<time>2026-09-10T01:02:32Z</time></trkpt>
<trkpt lat="2.93029" lon="101.660805">
<ele>30</ele>
<time>2026-09-10T01:02:34Z</time></trkpt>
<trkpt lat="2.930251" lon="101.660778">
<ele>30</ele>
<time>2026-09-10T01:02:36Z</time></trkpt>
<trkpt lat="2.930215" lon="101.660748">
<ele>30</ele>
<time>2026-09-10T01:02:38Z</time></trkpt>
<trkpt lat="2.930112" lon="101.660656">
<ele>29</ele>
<time>2026-09-10T01:02:43Z</time></trkpt>
<trkpt lat="2.930027" lon="101.660575">
<ele>29</ele>
<time>2026-09-10T01:02:48Z</time></trkpt>
<trkpt lat="2.92996" lon="101.660503">
<ele>28</ele>
<time>2026-09-10T01:02:52Z</time></trkpt>
<trkpt lat="2.929868" lon="101.660397">
<ele>28</ele>
<time>2026-09-10T01:02:58Z</time></trkpt>
<trkpt lat="2.929801" lon="101.660308">
<ele>28</ele>
<time>2026-09-10T01:03:02Z</time></trkpt>
<trkpt lat="2.929691" lon="101.660131">
<ele>27</ele>
<time>2026-09-10T01:03:10Z</time></trkpt>
<trkpt lat="2.929628" lon="101.660006">
<ele>27</ele>
<time>2026-09-10T01:03:16Z</time></trkpt>
<trkpt lat="2.929552" lon="101.65988">
<ele>27</ele>
<time>2026-09-10T01:03:22Z</time></trkpt>
<trkpt lat="2.929535" lon="101.659847">
<ele>27</ele>
<time>2026-09-10T01:03:23Z</time></trkpt>
<trkpt lat="2.929513" lon="101.659793">
<ele>27</ele>
<time>2026-09-10T01:03:26Z</time></trkpt>
<trkpt lat="2.929435" lon="101.659554">
<ele>26</ele>
<time>2026-09-10T01:03:36Z</time></trkpt>
<trkpt lat="2.929387" lon="101.659361">
<ele>26</ele>
<time>2026-09-10T01:03:44Z</time></trkpt>
<trkpt lat="2.929333" lon="101.659171">
<ele>25</ele>
<time>2026-09-10T01:03:52Z</time></trkpt>
<trkpt lat="2.929308" lon="101.659065">
<ele>25</ele>
<time>2026-09-10T01:03:56Z</time></trkpt>
<trkpt lat="2.929241" lon="101.658822">
<ele>25</ele>
<time>2026-09-10T01:04:06Z</time></trkpt>
<trkpt lat="2.929187" lon="101.658672">
<ele>24</ele>
<time>2026-09-10T01:04:12Z</time></trkpt>
<trkpt lat="2.92915" lon="101.658596">
<ele>24</ele>
<time>2026-09-10T01:04:16Z</time></trkpt>
<trkpt lat="2.929102" lon="101.658516">
<ele>24</ele>
<time>2026-09-10T01:04:20Z</time></trkpt>
<trkpt lat="2.929048" lon="101.658438">
<ele>24</ele>
<time>2026-09-10T01:04:23Z</time></trkpt>
<trkpt lat="2.928903" lon="101.658262">
<ele>24</ele>
<time>2026-09-10T01:04:32Z</time></trkpt>
<trkpt lat="2.928676" lon="101.658022">
<ele>23</ele>
<time>2026-09-10T01:04:46Z</time></trkpt>
<trkpt lat="2.928522" lon="101.657876">
<ele>23</ele>
<time>2026-09-10T01:04:54Z</time></trkpt>
<trkpt lat="2.928393" lon="101.657769">
<ele>22</ele>
<time>2026-09-10T01:05:01Z</time></trkpt>
<trkpt lat="2.928311" lon="101.657706">
<ele>22</ele>
<time>2026-09-10T01:05:05Z</time></trkpt>
<trkpt lat="2.928258" lon="101.65766">
<ele>22</ele>
<time>2026-09-10T01:05:08Z</time></trkpt>
<trkpt lat="2.928189" lon="101.657613">
<ele>22</ele>
<time>2026-09-10T01:05:11Z</time></trkpt>
<trkpt lat="2.928051" lon="101.657533">
<ele>22</ele>
<time>2026-09-10T01:05:18Z</time></trkpt>
<trkpt lat="2.927903" lon="101.657454">
<ele>22</ele>
<time>2026-09-10T01:05:24Z</time></trkpt>
<trkpt lat="2.927714" lon="101.657374">
<ele>22</ele>
<time>2026-09-10T01:05:33Z</time></trkpt>
<trkpt lat="2.927628" lon="101.657343">
<ele>23</ele>
<time>2026-09-10T01:05:36Z</time></trkpt>
<trkpt lat="2.92745" lon="101.657297">
<ele>23</ele>
<time>2026-09-10T01:05:44Z</time></trkpt>
<trkpt lat="2.927286" lon="101.657274">
<ele>22</ele>
<time>2026-09-10T01:05:50Z</time></trkpt>
<trkpt lat="2.927089" lon="101.65724">
<ele>21</ele>
<time>2026-09-10T01:05:58Z</time></trkpt>
<trkpt lat="2.927034" lon="101.657235">
<ele>21</ele>
<time>2026-09-10T01:06:00Z</time></trkpt>
<trkpt lat="2.926644" lon="101.657247">
<ele>20</ele>
<time>2026-09-10T01:06:16Z</time></trkpt>
<trkpt lat="2.926395" lon="101.657265">
<ele>20</ele>
<time>2026-09-10T01:06:26Z</time></trkpt>
<trkpt lat="2.9261" lon="101.657335">
<ele>19</ele>
<time>2026-09-10T01:06:38Z</time></trkpt>
<trkpt lat="2.925935" lon="101.657383">
<ele>18</ele>
<time>2026-09-10T01:06:45Z</time></trkpt>
<trkpt lat="2.925798" lon="101.657419">
<ele>18</ele>
<time>2026-09-10T01:06:51Z</time></trkpt>
<trkpt lat="2.925629" lon="101.657479">
<ele>18</ele>
<time>2026-09-10T01:06:58Z</time></trkpt>
<trkpt lat="2.925476" lon="101.657528">
<ele>19</ele>
<time>2026-09-10T01:07:04Z</time></trkpt>
<trkpt lat="2.925265" lon="101.657604">
<ele>20</ele>
<time>2026-09-10T01:07:13Z</time></trkpt>
<trkpt lat="2.925203" lon="101.657622">
<ele>20</ele>
<time>2026-09-10T01:07:16Z</time></trkpt>
<trkpt lat="2.925111" lon="101.65766">
<ele>20</ele>
<time>2026-09-10T01:07:20Z</time></trkpt>
<trkpt lat="2.925014" lon="101.65768">
<ele>21</ele>
<time>2026-09-10T01:07:24Z</time></trkpt>
<trkpt lat="2.924931" lon="101.657701">
<ele>21</ele>
<time>2026-09-10T01:07:27Z</time></trkpt>
<trkpt lat="2.924681" lon="101.657783">
<ele>21</ele>
<time>2026-09-10T01:07:38Z</time></trkpt>
<trkpt lat="2.924546" lon="101.657819">
<ele>21</ele>
<time>2026-09-10T01:07:43Z</time></trkpt>
<trkpt lat="2.924448" lon="101.657858">
<ele>22</ele>
<time>2026-09-10T01:07:48Z</time></trkpt>
<trkpt lat="2.924242" lon="101.657925">
<ele>22</ele>
<time>2026-09-10T01:07:56Z</time></trkpt>
<trkpt lat="2.924207" lon="101.657947">
<ele>22</ele>
<time>2026-09-10T01:07:58Z</time></trkpt>
<trkpt lat="2.924164" lon="101.65798">
<ele>22</ele>
<time>2026-09-10T01:08:00Z</time></trkpt>
<trkpt lat="2.924155" lon="101.657979">
<ele>22</ele>
<time>2026-09-10T01:08:01Z</time></trkpt>
<trkpt lat="2.924148" lon="101.65797">
<ele>22</ele>
<time>2026-09-10T01:08:01Z</time></trkpt>
<trkpt lat="2.924137" lon="101.657965">
<ele>22</ele>
<time>2026-09-10T01:08:02Z</time></trkpt>
<trkpt lat="2.924119" lon="101.657962">
<ele>22</ele>
<time>2026-09-10T01:08:02Z</time></trkpt>
<trkpt lat="2.924051" lon="101.657966">
<ele>22</ele>
<time>2026-09-10T01:08:05Z</time></trkpt>
<trkpt lat="2.924003" lon="101.65798">
<ele>22</ele>
<time>2026-09-10T01:08:07Z</time></trkpt>
<trkpt lat="2.923904" lon="101.658016">
<ele>22</ele>
<time>2026-09-10T01:08:11Z</time></trkpt>
<trkpt lat="2.923738" lon="101.658065">
<ele>22</ele>
<time>2026-09-10T01:08:18Z</time></trkpt>
<trkpt lat="2.923668" lon="101.65809">
<ele>22</ele>
<time>2026-09-10T01:08:21Z</time></trkpt>
<trkpt lat="2.923635" lon="101.658105">
<ele>22</ele>
<time>2026-09-10T01:08:23Z</time></trkpt>
<trkpt lat="2.923602" lon="101.658121">
<ele>22</ele>
<time>2026-09-10T01:08:24Z</time></trkpt>
<trkpt lat="2.923557" lon="101.658149">
<ele>22</ele>
<time>2026-09-10T01:08:26Z</time></trkpt>
<trkpt lat="2.923516" lon="101.658182">
<ele>22</ele>
<time>2026-09-10T01:08:28Z</time></trkpt>
<trkpt lat="2.923493" lon="101.658206">
<ele>22</ele>
<time>2026-09-10T01:08:30Z</time></trkpt>
<trkpt lat="2.923472" lon="101.658231">
<ele>22</ele>
<time>2026-09-10T01:08:31Z</time></trkpt>
<trkpt lat="2.923437" lon="101.658285">
<ele>22</ele>
<time>2026-09-10T01:08:33Z</time></trkpt>
<trkpt lat="2.923378" lon="101.658424">
<ele>23</ele>
<time>2026-09-10T01:08:40Z</time></trkpt>
<trkpt lat="2.923364" lon="101.658484">
<ele>23</ele>
<time>2026-09-10T01:08:42Z</time></trkpt>
<trkpt lat="2.923362" lon="101.658563">
<ele>23</ele>
<time>2026-09-10T01:08:45Z</time></trkpt>
<trkpt lat="2.923372" lon="101.65868">
<ele>24</ele>
<time>2026-09-10T01:08:50Z</time></trkpt>
<trkpt lat="2.923423" lon="101.658899">
<ele>25</ele>
<time>2026-09-10T01:08:59Z</time></trkpt>
<trkpt lat="2.923435" lon="101.658964">
<ele>25</ele>
<time>2026-09-10T01:09:01Z</time></trkpt>
<trkpt lat="2.923442" lon="101.659033">
<ele>26</ele>
<time>2026-09-10T01:09:04Z</time></trkpt>
<trkpt lat="2.923458" lon="101.659135">
<ele>26</ele>
<time>2026-09-10T01:09:08Z</time></trkpt>
<trkpt lat="2.9235" lon="101.659349">
<ele>27</ele>
<time>2026-09-10T01:09:17Z</time></trkpt>
<trkpt lat="2.92356" lon="101.65955">
<ele>27</ele>
<time>2026-09-10T01:09:26Z</time></trkpt>
<trkpt lat="2.923572" lon="101.659613">
<ele>28</ele>
<time>2026-09-10T01:09:28Z</time></trkpt>
<trkpt lat="2.923582" lon="101.659696">
<ele>28</ele>
<time>2026-09-10T01:09:31Z</time></trkpt>
<trkpt lat="2.923608" lon="101.659807">
<ele>28</ele>
<time>2026-09-10T01:09:36Z</time></trkpt>
<trkpt lat="2.923623" lon="101.659856">
<ele>28</ele>
<time>2026-09-10T01:09:38Z</time></trkpt>
<trkpt lat="2.923654" lon="101.660009">
<ele>28</ele>
<time>2026-09-10T01:09:44Z</time></trkpt>
<trkpt lat="2.923725" lon="101.660232">
<ele>30</ele>
<time>2026-09-10T01:09:54Z</time></trkpt>
<trkpt lat="2.923761" lon="101.660403">
<ele>31</ele>
<time>2026-09-10T01:10:01Z</time></trkpt>
<trkpt lat="2.923783" lon="101.660472">
<ele>31</ele>
<time>2026-09-10T01:10:04Z</time></trkpt>
<trkpt lat="2.923796" lon="101.660525">
<ele>31</ele>
<time>2026-09-10T01:10:06Z</time></trkpt>
<trkpt lat="2.923825" lon="101.660696">
<ele>32</ele>
<time>2026-09-10T01:10:13Z</time></trkpt>
<trkpt lat="2.923836" lon="101.660794">
<ele>33</ele>
<time>2026-09-10T01:10:17Z</time></trkpt>
<trkpt lat="2.92385" lon="101.661047">
<ele>33</ele>
<time>2026-09-10T01:10:27Z</time></trkpt>
<trkpt lat="2.923844" lon="101.661154">
<ele>33</ele>
<time>2026-09-10T01:10:31Z</time></trkpt>
<trkpt lat="2.923846" lon="101.661225">
<ele>33</ele>
<time>2026-09-10T01:10:34Z</time></trkpt>
<trkpt lat="2.923852" lon="101.661269">
<ele>33</ele>
<time>2026-09-10T01:10:36Z</time></trkpt>
<trkpt lat="2.92388" lon="101.661411">
<ele>32</ele>
<time>2026-09-10T01:10:41Z</time></trkpt>
<trkpt lat="2.923883" lon="101.661454">
<ele>32</ele>
<time>2026-09-10T01:10:43Z</time></trkpt>
<trkpt lat="2.923884" lon="101.661517">
<ele>32</ele>
<time>2026-09-10T01:10:46Z</time></trkpt>
<trkpt lat="2.923878" lon="101.66162">
<ele>32</ele>
<time>2026-09-10T01:10:50Z</time></trkpt>
<trkpt lat="2.923878" lon="101.661723">
<ele>32</ele>
<time>2026-09-10T01:10:54Z</time></trkpt>
<trkpt lat="2.923888" lon="101.662003">
<ele>33</ele>
<time>2026-09-10T01:11:05Z</time></trkpt>
<trkpt lat="2.92388" lon="101.6622">
<ele>34</ele>
<time>2026-09-10T01:11:13Z</time></trkpt>
<trkpt lat="2.923857" lon="101.662418">
<ele>35</ele>
<time>2026-09-10T01:11:22Z</time></trkpt>
<trkpt lat="2.923847" lon="101.662594">
<ele>35</ele>
<time>2026-09-10T01:11:29Z</time></trkpt>
<trkpt lat="2.923816" lon="101.662782">
<ele>34</ele>
<time>2026-09-10T01:11:37Z</time></trkpt>
<trkpt lat="2.923783" lon="101.662958">
<ele>33</ele>
<time>2026-09-10T01:11:44Z</time></trkpt>
<trkpt lat="2.923752" lon="101.663085">
<ele>33</ele>
<time>2026-09-10T01:11:49Z</time></trkpt>
<trkpt lat="2.923721" lon="101.663258">
<ele>32</ele>
<time>2026-09-10T01:11:56Z</time></trkpt>
<trkpt lat="2.923668" lon="101.663463">
<ele>33</ele>
<time>2026-09-10T01:12:04Z</time></trkpt>
<trkpt lat="2.923631" lon="101.663631">
<ele>35</ele>
<time>2026-09-10T01:12:11Z</time></trkpt>
<trkpt lat="2.923596" lon="101.663718">
<ele>35</ele>
<time>2026-09-10T01:12:15Z</time></trkpt>
<trkpt lat="2.923572" lon="101.663798">
<ele>36</ele>
<time>2026-09-10T01:12:18Z</time></trkpt>
<trkpt lat="2.923426" lon="101.66413">
<ele>38</ele>
<time>2026-09-10T01:12:33Z</time></trkpt>
<trkpt lat="2.923316" lon="101.664368">
<ele>40</ele>
<time>2026-09-10T01:12:43Z</time></trkpt>
<trkpt lat="2.923234" lon="101.664519">
<ele>41</ele>
<time>2026-09-10T01:12:50Z</time></trkpt>
<trkpt lat="2.923167" lon="101.664632">
<ele>43</ele>
<time>2026-09-10T01:12:56Z</time></trkpt>
<trkpt lat="2.923132" lon="101.664676">
<ele>43</ele>
<time>2026-09-10T01:12:58Z</time></trkpt>
<trkpt lat="2.92308" lon="101.664771">
<ele>44</ele>
<time>2026-09-10T01:13:02Z</time></trkpt>
<trkpt lat="2.923078" lon="101.664792">
<ele>44</ele>
<time>2026-09-10T01:13:03Z</time></trkpt>
<trkpt lat="2.923081" lon="101.664832">
<ele>44</ele>
<time>2026-09-10T01:13:05Z</time></trkpt>
<trkpt lat="2.923071" lon="101.664865">
<ele>45</ele>
<time>2026-09-10T01:13:06Z</time></trkpt>
<trkpt lat="2.923059" lon="101.664884">
<ele>45</ele>
<time>2026-09-10T01:13:07Z</time></trkpt>
<trkpt lat="2.923047" lon="101.664902">
<ele>45</ele>
<time>2026-09-10T01:13:08Z</time></trkpt>
<trkpt lat="2.923016" lon="101.664936">
<ele>45</ele>
<time>2026-09-10T01:13:10Z</time></trkpt>
<trkpt lat="2.922889" lon="101.665043">
<ele>46</ele>
<time>2026-09-10T01:13:16Z</time></trkpt>
<trkpt lat="2.922852" lon="101.665079">
<ele>46</ele>
<time>2026-09-10T01:13:18Z</time></trkpt>
<trkpt lat="2.922811" lon="101.665126">
<ele>46</ele>
<time>2026-09-10T01:13:21Z</time></trkpt>
<trkpt lat="2.922772" lon="101.665181">
<ele>45</ele>
<time>2026-09-10T01:13:24Z</time></trkpt>
<trkpt lat="2.922668" lon="101.665344">
<ele>44</ele>
<time>2026-09-10T01:13:31Z</time></trkpt>
<trkpt lat="2.922491" lon="101.66559">
<ele>41</ele>
<time>2026-09-10T01:13:43Z</time></trkpt>
<trkpt lat="2.922103" lon="101.666051">
<ele>39</ele>
<time>2026-09-10T01:14:08Z</time></trkpt>
<trkpt lat="2.922068" lon="101.666089">
<ele>39</ele>
<time>2026-09-10T01:14:10Z</time></trkpt>
<trkpt lat="2.922031" lon="101.666123">
<ele>39</ele>
<time>2026-09-10T01:14:12Z</time></trkpt>
<trkpt lat="2.92194" lon="101.666199">
<ele>39</ele>
<time>2026-09-10T01:14:16Z</time></trkpt>
<trkpt lat="2.921785" lon="101.666354">
<ele>39</ele>
<time>2026-09-10T01:14:25Z</time></trkpt>
<trkpt lat="2.921619" lon="101.666498">
<ele>38</ele>
<time>2026-09-10T01:14:34Z</time></trkpt>
<trkpt lat="2.921464" lon="101.66661">
<ele>37</ele>
<time>2026-09-10T01:14:42Z</time></trkpt>
<trkpt lat="2.921242" lon="101.666753">
<ele>36</ele>
<time>2026-09-10T01:14:52Z</time></trkpt>
<trkpt lat="2.921143" lon="101.666809">
<ele>36</ele>
<time>2026-09-10T01:14:57Z</time></trkpt>
<trkpt lat="2.921026" lon="101.666881">
<ele>35</ele>
<time>2026-09-10T01:15:02Z</time></trkpt>
<trkpt lat="2.920925" lon="101.666933">
<ele>35</ele>
<time>2026-09-10T01:15:07Z</time></trkpt>
<trkpt lat="2.920822" lon="101.666992">
<ele>34</ele>
<time>2026-09-10T01:15:12Z</time></trkpt>
<trkpt lat="2.920703" lon="101.667053">
<ele>34</ele>
<time>2026-09-10T01:15:17Z</time></trkpt>
<trkpt lat="2.920686" lon="101.667065">
<ele>34</ele>
<time>2026-09-10T01:15:18Z</time></trkpt>
<trkpt lat="2.920659" lon="101.667092">
<ele>34</ele>
<time>2026-09-10T01:15:19Z</time></trkpt>
<trkpt lat="2.92064" lon="101.667103">
<ele>34</ele>
<time>2026-09-10T01:15:20Z</time></trkpt>
<trkpt lat="2.920566" lon="101.667133">
<ele>34</ele>
<time>2026-09-10T01:15:23Z</time></trkpt>
<trkpt lat="2.920466" lon="101.667163">
<ele>34</ele>
<time>2026-09-10T01:15:28Z</time></trkpt>
<trkpt lat="2.920375" lon="101.667201">
<ele>34</ele>
<time>2026-09-10T01:15:31Z</time></trkpt>
<trkpt lat="2.920282" lon="101.667233">
<ele>34</ele>
<time>2026-09-10T01:15:35Z</time></trkpt>
<trkpt lat="2.920085" lon="101.667323">
<ele>33</ele>
<time>2026-09-10T01:15:44Z</time></trkpt>
<trkpt lat="2.919977" lon="101.667378">
<ele>33</ele>
<time>2026-09-10T01:15:49Z</time></trkpt>
<trkpt lat="2.919828" lon="101.667437">
<ele>32</ele>
<time>2026-09-10T01:15:55Z</time></trkpt>
<trkpt lat="2.919787" lon="101.667449">
<ele>32</ele>
<time>2026-09-10T01:15:57Z</time></trkpt>
<trkpt lat="2.919742" lon="101.667476">
<ele>31</ele>
<time>2026-09-10T01:15:59Z</time></trkpt>
<trkpt lat="2.919669" lon="101.667505">
<ele>31</ele>
<time>2026-09-10T01:16:02Z</time></trkpt>
<trkpt lat="2.919582" lon="101.667546">
<ele>30</ele>
<time>2026-09-10T01:16:06Z</time></trkpt>
<trkpt lat="2.919506" lon="101.667605">
<ele>30</ele>
<time>2026-09-10T01:16:10Z</time></trkpt>
<trkpt lat="2.919396" lon="101.667675">
<ele>30</ele>
<time>2026-09-10T01:16:15Z</time></trkpt>
<trkpt lat="2.91935" lon="101.667699">
<ele>30</ele>
<time>2026-09-10T01:16:17Z</time></trkpt>
<trkpt lat="2.919285" lon="101.667724">
<ele>30</ele>
<time>2026-09-10T01:16:20Z</time></trkpt>
<trkpt lat="2.919179" lon="101.667759">
<ele>29</ele>
<time>2026-09-10T01:16:25Z</time></trkpt>
<trkpt lat="2.9189" lon="101.667878">
<ele>30</ele>
<time>2026-09-10T01:16:37Z</time></trkpt>
<trkpt lat="2.918783" lon="101.66792">
<ele>30</ele>
<time>2026-09-10T01:16:42Z</time></trkpt>
<trkpt lat="2.918655" lon="101.667984">
<ele>31</ele>
<time>2026-09-10T01:16:47Z</time></trkpt>
<trkpt lat="2.918624" lon="101.668012">
<ele>31</ele>
<time>2026-09-10T01:16:49Z</time></trkpt>
<trkpt lat="2.918582" lon="101.668042">
<ele>31</ele>
<time>2026-09-10T01:16:51Z</time></trkpt>
<trkpt lat="2.918508" lon="101.668084">
<ele>32</ele>
<time>2026-09-10T01:16:55Z</time></trkpt>
<trkpt lat="2.918442" lon="101.668116">
<ele>32</ele>
<time>2026-09-10T01:16:58Z</time></trkpt>
<trkpt lat="2.918181" lon="101.668223">
<ele>32</ele>
<time>2026-09-10T01:17:09Z</time></trkpt>
<trkpt lat="2.918094" lon="101.668263">
<ele>31</ele>
<time>2026-09-10T01:17:13Z</time></trkpt>
<trkpt lat="2.917994" lon="101.668298">
<ele>30</ele>
<time>2026-09-10T01:17:17Z</time></trkpt>
<trkpt lat="2.917983" lon="101.66831">
<ele>30</ele>
<time>2026-09-10T01:17:18Z</time></trkpt>
<trkpt lat="2.918019" lon="101.668289">
<ele>31</ele>
<time>2026-09-10T01:17:19Z</time></trkpt>
<trkpt lat="2.917991" lon="101.668314">
<ele>31</ele>
<time>2026-09-10T01:17:21Z</time></trkpt>
<trkpt lat="2.917947" lon="101.668327">
<ele>30</ele>
<time>2026-09-10T01:17:23Z</time></trkpt>
<trkpt lat="2.917918" lon="101.668321">
<ele>30</ele>
<time>2026-09-10T01:17:24Z</time></trkpt>
<trkpt lat="2.917904" lon="101.668321">
<ele>30</ele>
<time>2026-09-10T01:17:24Z</time></trkpt>
<trkpt lat="2.917888" lon="101.668326">
<ele>30</ele>
<time>2026-09-10T01:17:25Z</time></trkpt>
<trkpt lat="2.917863" lon="101.668341">
<ele>30</ele>
<time>2026-09-10T01:17:26Z</time></trkpt>
<trkpt lat="2.917792" lon="101.668373">
<ele>29</ele>
<time>2026-09-10T01:17:29Z</time></trkpt>
<trkpt lat="2.91769" lon="101.668408">
<ele>29</ele>
<time>2026-09-10T01:17:34Z</time></trkpt>
<trkpt lat="2.917435" lon="101.668516">
<ele>28</ele>
<time>2026-09-10T01:17:45Z</time></trkpt>
<trkpt lat="2.917265" lon="101.668579">
<ele>28</ele>
<time>2026-09-10T01:17:52Z</time></trkpt>
<trkpt lat="2.917113" lon="101.668651">
<ele>28</ele>
<time>2026-09-10T01:17:59Z</time></trkpt>
<trkpt lat="2.916926" lon="101.668727">
<ele>27</ele>
<time>2026-09-10T01:18:07Z</time></trkpt>
<trkpt lat="2.916809" lon="101.668769">
<ele>27</ele>
<time>2026-09-10T01:18:12Z</time></trkpt>
<trkpt lat="2.916644" lon="101.668806">
<ele>26</ele>
<time>2026-09-10T01:18:19Z</time></trkpt>
<trkpt lat="2.916561" lon="101.668833">
<ele>25</ele>
<time>2026-09-10T01:18:22Z</time></trkpt>
<trkpt lat="2.916501" lon="101.668857">
<ele>25</ele>
<time>2026-09-10T01:18:25Z</time></trkpt>
<trkpt lat="2.916384" lon="101.668913">
<ele>25</ele>
<time>2026-09-10T01:18:30Z</time></trkpt>
<trkpt lat="2.916239" lon="101.668967">
<ele>24</ele>
<time>2026-09-10T01:18:36Z</time></trkpt>
<trkpt lat="2.916103" lon="101.668997">
<ele>23</ele>
<time>2026-09-10T01:18:42Z</time></trkpt>
<trkpt lat="2.915765" lon="101.669047">
<ele>21</ele>
<time>2026-09-10T01:18:55Z</time></trkpt>
<trkpt lat="2.915631" lon="101.669062">
<ele>22</ele>
<time>2026-09-10T01:19:01Z</time></trkpt>
<trkpt lat="2.915496" lon="101.669071">
<ele>22</ele>
<time>2026-09-10T01:19:06Z</time></trkpt>
<trkpt lat="2.915311" lon="101.669102">
<ele>22</ele>
<time>2026-09-10T01:19:14Z</time></trkpt>
<trkpt lat="2.915188" lon="101.669113">
<ele>23</ele>
<time>2026-09-10T01:19:19Z</time></trkpt>
<trkpt lat="2.915049" lon="101.669136">
<ele>23</ele>
<time>2026-09-10T01:19:24Z</time></trkpt>
<trkpt lat="2.914906" lon="101.669164">
<ele>23</ele>
<time>2026-09-10T01:19:30Z</time></trkpt>
<trkpt lat="2.914691" lon="101.669185">
<ele>23</ele>
<time>2026-09-10T01:19:39Z</time></trkpt>
<trkpt lat="2.914501" lon="101.669217">
<ele>23</ele>
<time>2026-09-10T01:19:47Z</time></trkpt>
<trkpt lat="2.914369" lon="101.669233">
<ele>23</ele>
<time>2026-09-10T01:19:52Z</time></trkpt>
<trkpt lat="2.914193" lon="101.669266">
<ele>23</ele>
<time>2026-09-10T01:19:59Z</time></trkpt>
<trkpt lat="2.913945" lon="101.669294">
<ele>24</ele>
<time>2026-09-10T01:20:09Z</time></trkpt>
<trkpt lat="2.913838" lon="101.669319">
<ele>24</ele>
<time>2026-09-10T01:20:13Z</time></trkpt>
<trkpt lat="2.913655" lon="101.669338">
<ele>24</ele>
<time>2026-09-10T01:20:21Z</time></trkpt>
<trkpt lat="2.913422" lon="101.669374">
<ele>24</ele>
<time>2026-09-10T01:20:30Z</time></trkpt>
<trkpt lat="2.913247" lon="101.669395">
<ele>25</ele>
<time>2026-09-10T01:20:37Z</time></trkpt>
<trkpt lat="2.913041" lon="101.669426">
<ele>27</ele>
<time>2026-09-10T01:20:46Z</time></trkpt>
<trkpt lat="2.912988" lon="101.669432">
<ele>27</ele>
<time>2026-09-10T01:20:48Z</time></trkpt>
<trkpt lat="2.912877" lon="101.669438">
<ele>28</ele>
<time>2026-09-10T01:20:52Z</time></trkpt>
<trkpt lat="2.912768" lon="101.669467">
<ele>29</ele>
<time>2026-09-10T01:20:57Z</time></trkpt>
<trkpt lat="2.912601" lon="101.669484">
<ele>30</ele>
<time>2026-09-10T01:21:03Z</time></trkpt>
<trkpt lat="2.912199" lon="101.669548">
<ele>34</ele>
<time>2026-09-10T01:21:20Z</time></trkpt>
<trkpt lat="2.911874" lon="101.669589">
<ele>37</ele>
<time>2026-09-10T01:21:33Z</time></trkpt>
<trkpt lat="2.91173" lon="101.669612">
<ele>38</ele>
<time>2026-09-10T01:21:39Z</time></trkpt>
<trkpt lat="2.91153" lon="101.669637">
<ele>38</ele>
<time>2026-09-10T01:21:47Z</time></trkpt>
<trkpt lat="2.911333" lon="101.669655">
<ele>38</ele>
<time>2026-09-10T01:21:55Z</time></trkpt>
<trkpt lat="2.911156" lon="101.669659">
<ele>37</ele>
<time>2026-09-10T01:22:02Z</time></trkpt>
<trkpt lat="2.910939" lon="101.66963">
<ele>38</ele>
<time>2026-09-10T01:22:11Z</time></trkpt>
<trkpt lat="2.910854" lon="101.669607">
<ele>38</ele>
<time>2026-09-10T01:22:14Z</time></trkpt>
<trkpt lat="2.910741" lon="101.66956">
<ele>38</ele>
<time>2026-09-10T01:22:19Z</time></trkpt>
<trkpt lat="2.910611" lon="101.669511">
<ele>38</ele>
<time>2026-09-10T01:22:25Z</time></trkpt>
<trkpt lat="2.91047" lon="101.669435">
<ele>38</ele>
<time>2026-09-10T01:22:31Z</time></trkpt>
<trkpt lat="2.910391" lon="101.669385">
<ele>38</ele>
<time>2026-09-10T01:22:35Z</time></trkpt>
<trkpt lat="2.910349" lon="101.669351">
<ele>38</ele>
<time>2026-09-10T01:22:37Z</time></trkpt>
<trkpt lat="2.910333" lon="101.669327">
<ele>38</ele>
<time>2026-09-10T01:22:38Z</time></trkpt>
<trkpt lat="2.910304" lon="101.669267">
<ele>38</ele>
<time>2026-09-10T01:22:41Z</time></trkpt>
<trkpt lat="2.910285" lon="101.669238">
<ele>38</ele>
<time>2026-09-10T01:22:42Z</time></trkpt>
<trkpt lat="2.910104" lon="101.669009">
<ele>38</ele>
<time>2026-09-10T01:22:54Z</time></trkpt>
<trkpt lat="2.910063" lon="101.668946">
<ele>38</ele>
<time>2026-09-10T01:22:57Z</time></trkpt>
<trkpt lat="2.910027" lon="101.668882">
<ele>38</ele>
<time>2026-09-10T01:23:00Z</time></trkpt>
<trkpt lat="2.909977" lon="101.668782">
<ele>38</ele>
<time>2026-09-10T01:23:04Z</time></trkpt>
<trkpt lat="2.909928" lon="101.668642">
<ele>38</ele>
<time>2026-09-10T01:23:10Z</time></trkpt>
<trkpt lat="2.909903" lon="101.668552">
<ele>38</ele>
<time>2026-09-10T01:23:14Z</time></trkpt>
<trkpt lat="2.909879" lon="101.66844">
<ele>38</ele>
<time>2026-09-10T01:23:19Z</time></trkpt>
<trkpt lat="2.909845" lon="101.668235">
<ele>37</ele>
<time>2026-09-10T01:23:27Z</time></trkpt>
<trkpt lat="2.9098" lon="101.667865">
<ele>33</ele>
<time>2026-09-10T01:23:42Z</time></trkpt>
<trkpt lat="2.90977" lon="101.667525">
<ele>30</ele>
<time>2026-09-10T01:23:55Z</time></trkpt>
<trkpt lat="2.909764" lon="101.667405">
<ele>29</ele>
<time>2026-09-10T01:24:00Z</time></trkpt>
<trkpt lat="2.909724" lon="101.667134">
<ele>26</ele>
<time>2026-09-10T01:24:11Z</time></trkpt>
<trkpt lat="2.909679" lon="101.666772">
<ele>22</ele>
<time>2026-09-10T01:24:26Z</time></trkpt>
<trkpt lat="2.909647" lon="101.666286">
<ele>22</ele>
<time>2026-09-10T01:24:45Z</time></trkpt>
<trkpt lat="2.909648" lon="101.666095">
<ele>22</ele>
<time>2026-09-10T01:24:53Z</time></trkpt>
<trkpt lat="2.909645" lon="101.66597">
<ele>22</ele>
<time>2026-09-10T01:24:58Z</time></trkpt>
<trkpt lat="2.909647" lon="101.665787">
<ele>23</ele>
<time>2026-09-10T01:25:05Z</time></trkpt>
<trkpt lat="2.909653" lon="101.665703">
<ele>24</ele>
<time>2026-09-10T01:25:09Z</time></trkpt>
<trkpt lat="2.909669" lon="101.665576">
<ele>26</ele>
<time>2026-09-10T01:25:14Z</time></trkpt>
<trkpt lat="2.909673" lon="101.665505">
<ele>27</ele>
<time>2026-09-10T01:25:17Z</time></trkpt>
<trkpt lat="2.909704" lon="101.665338">
<ele>29</ele>
<time>2026-09-10T01:25:23Z</time></trkpt>
<trkpt lat="2.909744" lon="101.665151">
<ele>31</ele>
<time>2026-09-10T01:25:31Z</time></trkpt>
<trkpt lat="2.90978" lon="101.664939">
<ele>33</ele>
<time>2026-09-10T01:25:40Z</time></trkpt>
<trkpt lat="2.909811" lon="101.664831">
<ele>33</ele>
<time>2026-09-10T01:25:44Z</time></trkpt>
<trkpt lat="2.909831" lon="101.664776">
<ele>33</ele>
<time>2026-09-10T01:25:47Z</time></trkpt>
<trkpt lat="2.909928" lon="101.664555">
<ele>34</ele>
<time>2026-09-10T01:25:56Z</time></trkpt>
<trkpt lat="2.909968" lon="101.664432">
<ele>34</ele>
<time>2026-09-10T01:26:01Z</time></trkpt>
<trkpt lat="2.909999" lon="101.664357">
<ele>34</ele>
<time>2026-09-10T01:26:05Z</time></trkpt>
<trkpt lat="2.910018" lon="101.664285">
<ele>34</ele>
<time>2026-09-10T01:26:08Z</time></trkpt>
<trkpt lat="2.910021" lon="101.664264">
<ele>34</ele>
<time>2026-09-10T01:26:08Z</time></trkpt>
<trkpt lat="2.910021" lon="101.664208">
<ele>34</ele>
<time>2026-09-10T01:26:11Z</time></trkpt>
<trkpt lat="2.91003" lon="101.664189">
<ele>34</ele>
<time>2026-09-10T01:26:12Z</time></trkpt>
<trkpt lat="2.910084" lon="101.66411">
<ele>35</ele>
<time>2026-09-10T01:26:15Z</time></trkpt>
<trkpt lat="2.910131" lon="101.664017">
<ele>36</ele>
<time>2026-09-10T01:26:20Z</time></trkpt>
<trkpt lat="2.910156" lon="101.663955">
<ele>36</ele>
<time>2026-09-10T01:26:22Z</time></trkpt>
<trkpt lat="2.910189" lon="101.663858">
<ele>36</ele>
<time>2026-09-10T01:26:26Z</time></trkpt>
<trkpt lat="2.910241" lon="101.66375">
<ele>37</ele>
<time>2026-09-10T01:26:31Z</time></trkpt>
<trkpt lat="2.910301" lon="101.66359">
<ele>37</ele>
<time>2026-09-10T01:26:38Z</time></trkpt>
<trkpt lat="2.910404" lon="101.663338">
<ele>38</ele>
<time>2026-09-10T01:26:49Z</time></trkpt>
<trkpt lat="2.910504" lon="101.663144">
<ele>39</ele>
<time>2026-09-10T01:26:58Z</time></trkpt>
<trkpt lat="2.910541" lon="101.663084">
<ele>40</ele>
<time>2026-09-10T01:27:00Z</time></trkpt>
<trkpt lat="2.910554" lon="101.663051">
<ele>40</ele>
<time>2026-09-10T01:27:02Z</time></trkpt>
<trkpt lat="2.910574" lon="101.662964">
<ele>40</ele>
<time>2026-09-10T01:27:05Z</time></trkpt>
<trkpt lat="2.910631" lon="101.662785">
<ele>40</ele>
<time>2026-09-10T01:27:13Z</time></trkpt>
<trkpt lat="2.910675" lon="101.662663">
<ele>40</ele>
<time>2026-09-10T01:27:18Z</time></trkpt>
<trkpt lat="2.910764" lon="101.662396">
<ele>41</ele>
<time>2026-09-10T01:27:29Z</time></trkpt>
<trkpt lat="2.910788" lon="101.662334">
<ele>41</ele>
<time>2026-09-10T01:27:32Z</time></trkpt>
<trkpt lat="2.910803" lon="101.662282">
<ele>41</ele>
<time>2026-09-10T01:27:34Z</time></trkpt>
<trkpt lat="2.910822" lon="101.662231">
<ele>41</ele>
<time>2026-09-10T01:27:36Z</time></trkpt>
<trkpt lat="2.910876" lon="101.662107">
<ele>41</ele>
<time>2026-09-10T01:27:42Z</time></trkpt>
<trkpt lat="2.910926" lon="101.661963">
<ele>41</ele>
<time>2026-09-10T01:27:48Z</time></trkpt>
<trkpt lat="2.910982" lon="101.661846">
<ele>41</ele>
<time>2026-09-10T01:27:53Z</time></trkpt>
<trkpt lat="2.911032" lon="101.661703">
<ele>41</ele>
<time>2026-09-10T01:27:59Z</time></trkpt>
<trkpt lat="2.911065" lon="101.661554">
<ele>41</ele>
<time>2026-09-10T01:28:05Z</time></trkpt>
<trkpt lat="2.911068" lon="101.661524">
<ele>40</ele>
<time>2026-09-10T01:28:06Z</time></trkpt>
<trkpt lat="2.911069" lon="101.661465">
<ele>40</ele>
<time>2026-09-10T01:28:09Z</time></trkpt>
<trkpt lat="2.911059" lon="101.66141">
<ele>40</ele>
<time>2026-09-10T01:28:11Z</time></trkpt>
<trkpt lat="2.91105" lon="101.661386">
<ele>40</ele>
<time>2026-09-10T01:28:12Z</time></trkpt>
<trkpt lat="2.911024" lon="101.661342">
<ele>40</ele>
<time>2026-09-10T01:28:14Z</time></trkpt>
<trkpt lat="2.910979" lon="101.66129">
<ele>40</ele>
<time>2026-09-10T01:28:17Z</time></trkpt>
<trkpt lat="2.910919" lon="101.661234">
<ele>40</ele>
<time>2026-09-10T01:28:20Z</time></trkpt>
<trkpt lat="2.910544" lon="101.661017">
<ele>38</ele>
<time>2026-09-10T01:28:38Z</time></trkpt>
<trkpt lat="2.910324" lon="101.660868">
<ele>37</ele>
<time>2026-09-10T01:28:48Z</time></trkpt>
<trkpt lat="2.910172" lon="101.66077">
<ele>36</ele>
<time>2026-09-10T01:28:55Z</time></trkpt>
<trkpt lat="2.910025" lon="101.660662">
<ele>35</ele>
<time>2026-09-10T01:29:03Z</time></trkpt>
<trkpt lat="2.909909" lon="101.660569">
<ele>35</ele>
<time>2026-09-10T01:29:09Z</time></trkpt>
<trkpt lat="2.909759" lon="101.66044">
<ele>34</ele>
<time>2026-09-10T01:29:17Z</time></trkpt>
<trkpt lat="2.909675" lon="101.660361">
<ele>33</ele>
<time>2026-09-10T01:29:21Z</time></trkpt>
<trkpt lat="2.909621" lon="101.660316">
<ele>33</ele>
<time>2026-09-10T01:29:24Z</time></trkpt>
<trkpt lat="2.909466" lon="101.66021">
<ele>32</ele>
<time>2026-09-10T01:29:32Z</time></trkpt>
<trkpt lat="2.909387" lon="101.660161">
<ele>32</ele>
<time>2026-09-10T01:29:35Z</time></trkpt>
<trkpt lat="2.909291" lon="101.660107">
<ele>31</ele>
<time>2026-09-10T01:29:40Z</time></trkpt>
<trkpt lat="2.909032" lon="101.659981">
<ele>31</ele>
<time>2026-09-10T01:29:51Z</time></trkpt>
<trkpt lat="2.908845" lon="101.659886">
<ele>32</ele>
<time>2026-09-10T01:30:00Z</time></trkpt>
<trkpt lat="2.908634" lon="101.6598">
<ele>32</ele>
<time>2026-09-10T01:30:09Z</time></trkpt>
<trkpt lat="2.908568" lon="101.659776">
<ele>32</ele>
<time>2026-09-10T01:30:12Z</time></trkpt>
<trkpt lat="2.908394" lon="101.659721">
<ele>32</ele>
<time>2026-09-10T01:30:19Z</time></trkpt>
<trkpt lat="2.908291" lon="101.65967">
<ele>31</ele>
<time>2026-09-10T01:30:24Z</time></trkpt>
<trkpt lat="2.908179" lon="101.659623">
<ele>31</ele>
<time>2026-09-10T01:30:28Z</time></trkpt>
<trkpt lat="2.90805" lon="101.65956">
<ele>30</ele>
<time>2026-09-10T01:30:34Z</time></trkpt>
<trkpt lat="2.907957" lon="101.659524">
<ele>29</ele>
<time>2026-09-10T01:30:38Z</time></trkpt>
<trkpt lat="2.907876" lon="101.659499">
<ele>29</ele>
<time>2026-09-10T01:30:42Z</time></trkpt>
<trkpt lat="2.907577" lon="101.659389">
<ele>28</ele>
<time>2026-09-10T01:30:54Z</time></trkpt>
<trkpt lat="2.907445" lon="101.65933">
<ele>27</ele>
<time>2026-09-10T01:31:00Z</time></trkpt>
<trkpt lat="2.907317" lon="101.659291">
<ele>27</ele>
<time>2026-09-10T01:31:05Z</time></trkpt>
<trkpt lat="2.907126" lon="101.659219">
<ele>26</ele>
<time>2026-09-10T01:31:14Z</time></trkpt>
<trkpt lat="2.907009" lon="101.659167">
<ele>26</ele>
<time>2026-09-10T01:31:19Z</time></trkpt>
<trkpt lat="2.906953" lon="101.659148">
<ele>26</ele>
<time>2026-09-10T01:31:21Z</time></trkpt>
<trkpt lat="2.906901" lon="101.659125">
<ele>26</ele>
<time>2026-09-10T01:31:23Z</time></trkpt>
<trkpt lat="2.906802" lon="101.659088">
<ele>26</ele>
<time>2026-09-10T01:31:28Z</time></trkpt>
<trkpt lat="2.906421" lon="101.658928">
<ele>28</ele>
<time>2026-09-10T01:31:44Z</time></trkpt>
<trkpt lat="2.906227" lon="101.658873">
<ele>29</ele>
<time>2026-09-10T01:31:52Z</time></trkpt>
<trkpt lat="2.906115" lon="101.658847">
<ele>29</ele>
<time>2026-09-10T01:31:57Z</time></trkpt>
<trkpt lat="2.905975" lon="101.6588">
<ele>29</ele>
<time>2026-09-10T01:32:03Z</time></trkpt>
<trkpt lat="2.905902" lon="101.658768">
<ele>29</ele>
<time>2026-09-10T01:32:06Z</time></trkpt>
<trkpt lat="2.90561" lon="101.65867">
<ele>28</ele>
<time>2026-09-10T01:32:18Z</time></trkpt>
<trkpt lat="2.9055" lon="101.658628">
<ele>28</ele>
<time>2026-09-10T01:32:23Z</time></trkpt>
<trkpt lat="2.905338" lon="101.658588">
<ele>26</ele>
<time>2026-09-10T01:32:30Z</time></trkpt>
<trkpt lat="2.905129" lon="101.658545">
<ele>25</ele>
<time>2026-09-10T01:32:38Z</time></trkpt>
<trkpt lat="2.90494" lon="101.658523">
<ele>24</ele>
<time>2026-09-10T01:32:46Z</time></trkpt>
<trkpt lat="2.90481" lon="101.658489">
<ele>24</ele>
<time>2026-09-10T01:32:51Z</time></trkpt>
<trkpt lat="2.904676" lon="101.658462">
<ele>24</ele>
<time>2026-09-10T01:32:57Z</time></trkpt>
<trkpt lat="2.904584" lon="101.658452">
<ele>24</ele>
<time>2026-09-10T01:33:00Z</time></trkpt>
<trkpt lat="2.904526" lon="101.658449">
<ele>25</ele>
<time>2026-09-10T01:33:03Z</time></trkpt>
<trkpt lat="2.904257" lon="101.658409">
<ele>25</ele>
<time>2026-09-10T01:33:14Z</time></trkpt>
<trkpt lat="2.904155" lon="101.658399">
<ele>25</ele>
<time>2026-09-10T01:33:18Z</time></trkpt>
<trkpt lat="2.904076" lon="101.658387">
<ele>25</ele>
<time>2026-09-10T01:33:21Z</time></trkpt>
<trkpt lat="2.903998" lon="101.658391">
<ele>25</ele>
<time>2026-09-10T01:33:24Z</time></trkpt>
<trkpt lat="2.903935" lon="101.658387">
<ele>25</ele>
<time>2026-09-10T01:33:27Z</time></trkpt>
<trkpt lat="2.903778" lon="101.658354">
<ele>25</ele>
<time>2026-09-10T01:33:33Z</time></trkpt>
<trkpt lat="2.903735" lon="101.658348">
<ele>25</ele>
<time>2026-09-10T01:33:35Z</time></trkpt>
<trkpt lat="2.903677" lon="101.658346">
<ele>25</ele>
<time>2026-09-10T01:33:37Z</time></trkpt>
<trkpt lat="2.903607" lon="101.658352">
<ele>25</ele>
<time>2026-09-10T01:33:40Z</time></trkpt>
<trkpt lat="2.903486" lon="101.658356">
<ele>25</ele>
<time>2026-09-10T01:33:45Z</time></trkpt>
<trkpt lat="2.903462" lon="101.658337">
<ele>25</ele>
<time>2026-09-10T01:33:46Z</time></trkpt>
<trkpt lat="2.903447" lon="101.658331">
<ele>25</ele>
<time>2026-09-10T01:33:47Z</time></trkpt>
<trkpt lat="2.903392" lon="101.65832">
<ele>25</ele>
<time>2026-09-10T01:33:49Z</time></trkpt>
<trkpt lat="2.903335" lon="101.658316">
<ele>25</ele>
<time>2026-09-10T01:33:51Z</time></trkpt>
<trkpt lat="2.903238" lon="101.658318">
<ele>26</ele>
<time>2026-09-10T01:33:55Z</time></trkpt>
<trkpt lat="2.903051" lon="101.658305">
<ele>27</ele>
<time>2026-09-10T01:34:03Z</time></trkpt>
<trkpt lat="2.90284" lon="101.658306">
<ele>28</ele>
<time>2026-09-10T01:34:11Z</time></trkpt>
<trkpt lat="2.90278" lon="101.658302">
<ele>28</ele>
<time>2026-09-10T01:34:14Z</time></trkpt>
<trkpt lat="2.902661" lon="101.658285">
<ele>29</ele>
<time>2026-09-10T01:34:18Z</time></trkpt>
<trkpt lat="2.902579" lon="101.658287">
<ele>29</ele>
<time>2026-09-10T01:34:22Z</time></trkpt>
<trkpt lat="2.9024" lon="101.658283">
<ele>29</ele>
<time>2026-09-10T01:34:29Z</time></trkpt>
<trkpt lat="2.902252" lon="101.658289">
<ele>27</ele>
<time>2026-09-10T01:34:35Z</time></trkpt>
<trkpt lat="2.901816" lon="101.658269">
<ele>24</ele>
<time>2026-09-10T01:34:52Z</time></trkpt>
<trkpt lat="2.901657" lon="101.658268">
<ele>23</ele>
<time>2026-09-10T01:34:59Z</time></trkpt>
<trkpt lat="2.901522" lon="101.658261">
<ele>22</ele>
<time>2026-09-10T01:35:04Z</time></trkpt>
<trkpt lat="2.90131" lon="101.658236">
<ele>20</ele>
<time>2026-09-10T01:35:13Z</time></trkpt>
<trkpt lat="2.901119" lon="101.658224">
<ele>19</ele>
<time>2026-09-10T01:35:20Z</time></trkpt>
<trkpt lat="2.901031" lon="101.658223">
<ele>18</ele>
<time>2026-09-10T01:35:24Z</time></trkpt>
<trkpt lat="2.900881" lon="101.658229">
<ele>17</ele>
<time>2026-09-10T01:35:30Z</time></trkpt>
<trkpt lat="2.900779" lon="101.658227">
<ele>17</ele>
<time>2026-09-10T01:35:34Z</time></trkpt>
<trkpt lat="2.900728" lon="101.658221">
<ele>18</ele>
<time>2026-09-10T01:35:36Z</time></trkpt>
<trkpt lat="2.900715" lon="101.658215">
<ele>18</ele>
<time>2026-09-10T01:35:36Z</time></trkpt>
<trkpt lat="2.900709" lon="101.658208">
<ele>18</ele>
<time>2026-09-10T01:35:37Z</time></trkpt>
<trkpt lat="2.900697" lon="101.658206">
<ele>18</ele>
<time>2026-09-10T01:35:37Z</time></trkpt>
<trkpt lat="2.900443" lon="101.658217">
<ele>20</ele>
<time>2026-09-10T01:35:48Z</time></trkpt>
<trkpt lat="2.900248" lon="101.658203">
<ele>22</ele>
<time>2026-09-10T01:35:55Z</time></trkpt>
<trkpt lat="2.900079" lon="101.658195">
<ele>23</ele>
<time>2026-09-10T01:36:02Z</time></trkpt>
<trkpt lat="2.899884" lon="101.6582">
<ele>24</ele>
<time>2026-09-10T01:36:10Z</time></trkpt>
<trkpt lat="2.89976" lon="101.658183">
<ele>25</ele>
<time>2026-09-10T01:36:15Z</time></trkpt>
<trkpt lat="2.89972" lon="101.658181">
<ele>26</ele>
<time>2026-09-10T01:36:17Z</time></trkpt>
<trkpt lat="2.899549" lon="101.658188">
<ele>26</ele>
<time>2026-09-10T01:36:23Z</time></trkpt>
<trkpt lat="2.899361" lon="101.658183">
<ele>28</ele>
<time>2026-09-10T01:36:31Z</time></trkpt>
<trkpt lat="2.899262" lon="101.65819">
<ele>28</ele>
<time>2026-09-10T01:36:35Z</time></trkpt>
<trkpt lat="2.898984" lon="101.658199">
<ele>30</ele>
<time>2026-09-10T01:36:46Z</time></trkpt>
<trkpt lat="2.898797" lon="101.658197">
<ele>32</ele>
<time>2026-09-10T01:36:54Z</time></trkpt>
<trkpt lat="2.898619" lon="101.658188">
<ele>34</ele>
<time>2026-09-10T01:37:01Z</time></trkpt>
<trkpt lat="2.898473" lon="101.658201">
<ele>35</ele>
<time>2026-09-10T01:37:07Z</time></trkpt>
<trkpt lat="2.898328" lon="101.658206">
<ele>36</ele>
<time>2026-09-10T01:37:12Z</time></trkpt>
<trkpt lat="2.898107" lon="101.65822">
<ele>37</ele>
<time>2026-09-10T01:37:21Z</time></trkpt>
<trkpt lat="2.897776" lon="101.658272">
<ele>37</ele>
<time>2026-09-10T01:37:35Z</time></trkpt>
<trkpt lat="2.897722" lon="101.658278">
<ele>38</ele>
<time>2026-09-10T01:37:37Z</time></trkpt>
<trkpt lat="2.897635" lon="101.658295">
<ele>38</ele>
<time>2026-09-10T01:37:40Z</time></trkpt>
<trkpt lat="2.897487" lon="101.658336">
<ele>38</ele>
<time>2026-09-10T01:37:47Z</time></trkpt>
<trkpt lat="2.897356" lon="101.658379">
<ele>37</ele>
<time>2026-09-10T01:37:52Z</time></trkpt>
<trkpt lat="2.897248" lon="101.65842">
<ele>37</ele>
<time>2026-09-10T01:37:57Z</time></trkpt>
<trkpt lat="2.897096" lon="101.658497">
<ele>36</ele>
<time>2026-09-10T01:38:04Z</time></trkpt>
<trkpt lat="2.896951" lon="101.658583">
<ele>35</ele>
<time>2026-09-10T01:38:10Z</time></trkpt>
<trkpt lat="2.896877" lon="101.658634">
<ele>35</ele>
<time>2026-09-10T01:38:14Z</time></trkpt>
<trkpt lat="2.89682" lon="101.658681">
<ele>35</ele>
<time>2026-09-10T01:38:17Z</time></trkpt>
<trkpt lat="2.896749" lon="101.658746">
<ele>34</ele>
<time>2026-09-10T01:38:21Z</time></trkpt>
<trkpt lat="2.896672" lon="101.658827">
<ele>34</ele>
<time>2026-09-10T01:38:25Z</time></trkpt>
<trkpt lat="2.896586" lon="101.658927">
<ele>32</ele>
<time>2026-09-10T01:38:31Z</time></trkpt>
<trkpt lat="2.89647" lon="101.659078">
<ele>31</ele>
<time>2026-09-10T01:38:38Z</time></trkpt>
<trkpt lat="2.896422" lon="101.659174">
<ele>30</ele>
<time>2026-09-10T01:38:42Z</time></trkpt>
<trkpt lat="2.896364" lon="101.659272">
<ele>29</ele>
<time>2026-09-10T01:38:47Z</time></trkpt>
<trkpt lat="2.896309" lon="101.6594">
<ele>28</ele>
<time>2026-09-10T01:38:53Z</time></trkpt>
<trkpt lat="2.896225" lon="101.659544">
<ele>27</ele>
<time>2026-09-10T01:38:59Z</time></trkpt>
<trkpt lat="2.896135" lon="101.659728">
<ele>26</ele>
<time>2026-09-10T01:39:07Z</time></trkpt>
<trkpt lat="2.896078" lon="101.65982">
<ele>26</ele>
<time>2026-09-10T01:39:12Z</time></trkpt>
<trkpt lat="2.896003" lon="101.659923">
<ele>25</ele>
<time>2026-09-10T01:39:17Z</time></trkpt>
<trkpt lat="2.895863" lon="101.660071">
<ele>24</ele>
<time>2026-09-10T01:39:25Z</time></trkpt>
<trkpt lat="2.895819" lon="101.660112">
<ele>24</ele>
<time>2026-09-10T01:39:27Z</time></trkpt>
<trkpt lat="2.895722" lon="101.660193">
<ele>24</ele>
<time>2026-09-10T01:39:33Z</time></trkpt>
<trkpt lat="2.895569" lon="101.660309">
<ele>24</ele>
<time>2026-09-10T01:39:40Z</time></trkpt>
<trkpt lat="2.89545" lon="101.660389">
<ele>24</ele>
<time>2026-09-10T01:39:46Z</time></trkpt>
<trkpt lat="2.895435" lon="101.660386">
<ele>24</ele>
<time>2026-09-10T01:39:47Z</time></trkpt>
<trkpt lat="2.895405" lon="101.660399">
<ele>24</ele>
<time>2026-09-10T01:39:48Z</time></trkpt>
<trkpt lat="2.895324" lon="101.66047">
<ele>24</ele>
<time>2026-09-10T01:39:52Z</time></trkpt>
<trkpt lat="2.895162" lon="101.660586">
<ele>24</ele>
<time>2026-09-10T01:40:00Z</time></trkpt>
<trkpt lat="2.894976" lon="101.660763">
<ele>24</ele>
<time>2026-09-10T01:40:10Z</time></trkpt>
<trkpt lat="2.894897" lon="101.660854">
<ele>24</ele>
<time>2026-09-10T01:40:15Z</time></trkpt>
<trkpt lat="2.89478" lon="101.661005">
<ele>26</ele>
<time>2026-09-10T01:40:23Z</time></trkpt>
<trkpt lat="2.894733" lon="101.661072">
<ele>26</ele>
<time>2026-09-10T01:40:26Z</time></trkpt>
<trkpt lat="2.894618" lon="101.661267">
<ele>28</ele>
<time>2026-09-10T01:40:35Z</time></trkpt>
<trkpt lat="2.894558" lon="101.66138">
<ele>28</ele>
<time>2026-09-10T01:40:40Z</time></trkpt>
<trkpt lat="2.894502" lon="101.661498">
<ele>29</ele>
<time>2026-09-10T01:40:46Z</time></trkpt>
<trkpt lat="2.894486" lon="101.661545">
<ele>29</ele>
<time>2026-09-10T01:40:48Z</time></trkpt>
<trkpt lat="2.894416" lon="101.661819">
<ele>31</ele>
<time>2026-09-10T01:40:59Z</time></trkpt>
<trkpt lat="2.894402" lon="101.661885">
<ele>32</ele>
<time>2026-09-10T01:41:02Z</time></trkpt>
<trkpt lat="2.894396" lon="101.661934">
<ele>32</ele>
<time>2026-09-10T01:41:04Z</time></trkpt>
<trkpt lat="2.894383" lon="101.662275">
<ele>35</ele>
<time>2026-09-10T01:41:17Z</time></trkpt>
<trkpt lat="2.89437" lon="101.662456">
<ele>36</ele>
<time>2026-09-10T01:41:25Z</time></trkpt>
<trkpt lat="2.89437" lon="101.662572">
<ele>37</ele>
<time>2026-09-10T01:41:29Z</time></trkpt>
<trkpt lat="2.894349" lon="101.662894">
<ele>40</ele>
<time>2026-09-10T01:41:42Z</time></trkpt>
<trkpt lat="2.894346" lon="101.663221">
<ele>44</ele>
<time>2026-09-10T01:41:55Z</time></trkpt>
<trkpt lat="2.894328" lon="101.663306">
<ele>44</ele>
<time>2026-09-10T01:41:59Z</time></trkpt>
<trkpt lat="2.894313" lon="101.663413">
<ele>45</ele>
<time>2026-09-10T01:42:03Z</time></trkpt>
<trkpt lat="2.894286" lon="101.663731">
<ele>47</ele>
<time>2026-09-10T01:42:16Z</time></trkpt>
<trkpt lat="2.894281" lon="101.663951">
<ele>49</ele>
<time>2026-09-10T01:42:25Z</time></trkpt>
<trkpt lat="2.894273" lon="101.664017">
<ele>50</ele>
<time>2026-09-10T01:42:27Z</time></trkpt>
<trkpt lat="2.894281" lon="101.664038">
<ele>50</ele>
<time>2026-09-10T01:42:28Z</time></trkpt>
<trkpt lat="2.894298" lon="101.66405">
<ele>50</ele>
<time>2026-09-10T01:42:29Z</time></trkpt>
<trkpt lat="2.894287" lon="101.664047">
<ele>50</ele>
<time>2026-09-10T01:42:29Z</time></trkpt>
<trkpt lat="2.894276" lon="101.66405">
<ele>50</ele>
<time>2026-09-10T01:42:30Z</time></trkpt>
<trkpt lat="2.894267" lon="101.664068">
<ele>50</ele>
<time>2026-09-10T01:42:31Z</time></trkpt>
<trkpt lat="2.894261" lon="101.664097">
<ele>50</ele>
<time>2026-09-10T01:42:32Z</time></trkpt>
<trkpt lat="2.894256" lon="101.66417">
<ele>51</ele>
<time>2026-09-10T01:42:35Z</time></trkpt>
<trkpt lat="2.894262" lon="101.664198">
<ele>50</ele>
<time>2026-09-10T01:42:36Z</time></trkpt>
<trkpt lat="2.894262" lon="101.664232">
<ele>50</ele>
<time>2026-09-10T01:42:37Z</time></trkpt>
<trkpt lat="2.894241" lon="101.66432">
<ele>49</ele>
<time>2026-09-10T01:42:41Z</time></trkpt>
<trkpt lat="2.894229" lon="101.664427">
<ele>48</ele>
<time>2026-09-10T01:42:45Z</time></trkpt>
<trkpt lat="2.894234" lon="101.664507">
<ele>47</ele>
<time>2026-09-10T01:42:48Z</time></trkpt>
<trkpt lat="2.894232" lon="101.664534">
<ele>47</ele>
<time>2026-09-10T01:42:50Z</time></trkpt>
<trkpt lat="2.894225" lon="101.664585">
<ele>46</ele>
<time>2026-09-10T01:42:52Z</time></trkpt>
<trkpt lat="2.894204" lon="101.664687">
<ele>45</ele>
<time>2026-09-10T01:42:56Z</time></trkpt>
<trkpt lat="2.894198" lon="101.664744">
<ele>45</ele>
<time>2026-09-10T01:42:58Z</time></trkpt>
<trkpt lat="2.894189" lon="101.66479">
<ele>44</ele>
<time>2026-09-10T01:43:00Z</time></trkpt>
<trkpt lat="2.894185" lon="101.664836">
<ele>44</ele>
<time>2026-09-10T01:43:02Z</time></trkpt>
<trkpt lat="2.894187" lon="101.664872">
<ele>43</ele>
<time>2026-09-10T01:43:03Z</time></trkpt>
<trkpt lat="2.894185" lon="101.664908">
<ele>43</ele>
<time>2026-09-10T01:43:05Z</time></trkpt>
<trkpt lat="2.894167" lon="101.66503">
<ele>42</ele>
<time>2026-09-10T01:43:10Z</time></trkpt>
<trkpt lat="2.894146" lon="101.665145">
<ele>41</ele>
<time>2026-09-10T01:43:14Z</time></trkpt>
<trkpt lat="2.894119" lon="101.665235">
<ele>40</ele>
<time>2026-09-10T01:43:18Z</time></trkpt>
<trkpt lat="2.894075" lon="101.665352">
<ele>38</ele>
<time>2026-09-10T01:43:23Z</time></trkpt>
<trkpt lat="2.89405" lon="101.665486">
<ele>37</ele>
<time>2026-09-10T01:43:28Z</time></trkpt>
<trkpt lat="2.894015" lon="101.665614">
<ele>36</ele>
<time>2026-09-10T01:43:34Z</time></trkpt>
<trkpt lat="2.893988" lon="101.665691">
<ele>35</ele>
<time>2026-09-10T01:43:37Z</time></trkpt>
<trkpt lat="2.89395" lon="101.665776">
<ele>34</ele>
<time>2026-09-10T01:43:41Z</time></trkpt>
<trkpt lat="2.893927" lon="101.665871">
<ele>34</ele>
<time>2026-09-10T01:43:45Z</time></trkpt>
<trkpt lat="2.893892" lon="101.665989">
<ele>33</ele>
<time>2026-09-10T01:43:50Z</time></trkpt>
<trkpt lat="2.893868" lon="101.666051">
<ele>33</ele>
<time>2026-09-10T01:43:52Z</time></trkpt>
<trkpt lat="2.893826" lon="101.666144">
<ele>33</ele>
<time>2026-09-10T01:43:56Z</time></trkpt>
<trkpt lat="2.893784" lon="101.666281">
<ele>32</ele>
<time>2026-09-10T01:44:02Z</time></trkpt>
<trkpt lat="2.893733" lon="101.666405">
<ele>32</ele>
<time>2026-09-10T01:44:07Z</time></trkpt>
<trkpt lat="2.893705" lon="101.666464">
<ele>31</ele>
<time>2026-09-10T01:44:10Z</time></trkpt>
<trkpt lat="2.893664" lon="101.666571">
<ele>31</ele>
<time>2026-09-10T01:44:15Z</time></trkpt>
<trkpt lat="2.893599" lon="101.666705">
<ele>30</ele>
<time>2026-09-10T01:44:21Z</time></trkpt>
<trkpt lat="2.893514" lon="101.666846">
<ele>29</ele>
<time>2026-09-10T01:44:27Z</time></trkpt>
<trkpt lat="2.893472" lon="101.66694">
<ele>29</ele>
<time>2026-09-10T01:44:31Z</time></trkpt>
<trkpt lat="2.893438" lon="101.667">
<ele>28</ele>
<time>2026-09-10T01:44:34Z</time></trkpt>
<trkpt lat="2.893361" lon="101.667154">
<ele>28</ele>
<time>2026-09-10T01:44:41Z</time></trkpt>
<trkpt lat="2.893059" lon="101.667653">
<ele>27</ele>
<time>2026-09-10T01:45:04Z</time></trkpt>
<trkpt lat="2.892991" lon="101.667819">
<ele>27</ele>
<time>2026-09-10T01:45:12Z</time></trkpt>
<trkpt lat="2.892932" lon="101.667952">
<ele>27</ele>
<time>2026-09-10T01:45:17Z</time></trkpt>
<trkpt lat="2.892833" lon="101.668252">
<ele>27</ele>
<time>2026-09-10T01:45:30Z</time></trkpt>
<trkpt lat="2.892794" lon="101.668414">
<ele>28</ele>
<time>2026-09-10T01:45:37Z</time></trkpt>
<trkpt lat="2.892769" lon="101.668576">
<ele>29</ele>
<time>2026-09-10T01:45:43Z</time></trkpt>
<trkpt lat="2.892762" lon="101.66873">
<ele>30</ele>
<time>2026-09-10T01:45:49Z</time></trkpt>
<trkpt lat="2.892746" lon="101.66888">
<ele>31</ele>
<time>2026-09-10T01:45:55Z</time></trkpt>
<trkpt lat="2.892743" lon="101.668934">
<ele>31</ele>
<time>2026-09-10T01:45:58Z</time></trkpt>
<trkpt lat="2.892767" lon="101.66931">
<ele>32</ele>
<time>2026-09-10T01:46:13Z</time></trkpt>
<trkpt lat="2.892778" lon="101.669432">
<ele>32</ele>
<time>2026-09-10T01:46:18Z</time></trkpt>
<trkpt lat="2.89283" lon="101.669729">
<ele>32</ele>
<time>2026-09-10T01:46:30Z</time></trkpt>
<trkpt lat="2.892907" lon="101.669978">
<ele>32</ele>
<time>2026-09-10T01:46:40Z</time></trkpt>
<trkpt lat="2.893003" lon="101.670254">
<ele>31</ele>
<time>2026-09-10T01:46:52Z</time></trkpt>
<trkpt lat="2.893077" lon="101.67043">
<ele>31</ele>
<time>2026-09-10T01:46:59Z</time></trkpt>
<trkpt lat="2.893126" lon="101.670532">
<ele>31</ele>
<time>2026-09-10T01:47:04Z</time></trkpt>
<trkpt lat="2.893155" lon="101.670635">
<ele>31</ele>
<time>2026-09-10T01:47:08Z</time></trkpt>
<trkpt lat="2.893177" lon="101.67069">
<ele>31</ele>
<time>2026-09-10T01:47:11Z</time></trkpt>
<trkpt lat="2.893285" lon="101.670931">
<ele>31</ele>
<time>2026-09-10T01:47:21Z</time></trkpt>
<trkpt lat="2.893349" lon="101.671087">
<ele>31</ele>
<time>2026-09-10T01:47:28Z</time></trkpt>
<trkpt lat="2.893398" lon="101.671187">
<ele>32</ele>
<time>2026-09-10T01:47:32Z</time></trkpt>
<trkpt lat="2.893502" lon="101.671379">
<ele>32</ele>
<time>2026-09-10T01:47:41Z</time></trkpt>
<trkpt lat="2.89358" lon="101.671532">
<ele>33</ele>
<time>2026-09-10T01:47:48Z</time></trkpt>
<trkpt lat="2.893644" lon="101.671634">
<ele>33</ele>
<time>2026-09-10T01:47:53Z</time></trkpt>
<trkpt lat="2.893744" lon="101.671818">
<ele>33</ele>
<time>2026-09-10T01:48:01Z</time></trkpt>
<trkpt lat="2.893861" lon="101.672008">
<ele>33</ele>
<time>2026-09-10T01:48:10Z</time></trkpt>
<trkpt lat="2.893928" lon="101.672102">
<ele>33</ele>
<time>2026-09-10T01:48:15Z</time></trkpt>
<trkpt lat="2.893963" lon="101.672179">
<ele>32</ele>
<time>2026-09-10T01:48:18Z</time></trkpt>
<trkpt lat="2.893994" lon="101.672234">
<ele>32</ele>
<time>2026-09-10T01:48:21Z</time></trkpt>
<trkpt lat="2.894063" lon="101.672328">
<ele>32</ele>
<time>2026-09-10T01:48:25Z</time></trkpt>
<trkpt lat="2.894183" lon="101.672474">
<ele>32</ele>
<time>2026-09-10T01:48:33Z</time></trkpt>
<trkpt lat="2.894304" lon="101.672646">
<ele>32</ele>
<time>2026-09-10T01:48:41Z</time></trkpt>
<trkpt lat="2.894339" lon="101.672706">
<ele>32</ele>
<time>2026-09-10T01:48:44Z</time></trkpt>
<trkpt lat="2.894445" lon="101.672859">
<ele>32</ele>
<time>2026-09-10T01:48:52Z</time></trkpt>
<trkpt lat="2.894473" lon="101.672896">
<ele>32</ele>
<time>2026-09-10T01:48:53Z</time></trkpt>
<trkpt lat="2.894566" lon="101.673001">
<ele>32</ele>
<time>2026-09-10T01:48:59Z</time></trkpt>
<trkpt lat="2.894593" lon="101.673036">
<ele>32</ele>
<time>2026-09-10T01:49:01Z</time></trkpt>
<trkpt lat="2.894821" lon="101.67337">
<ele>34</ele>
<time>2026-09-10T01:49:17Z</time></trkpt>
<trkpt lat="2.895107" lon="101.673722">
<ele>35</ele>
<time>2026-09-10T01:49:35Z</time></trkpt>
<trkpt lat="2.895165" lon="101.673805">
<ele>36</ele>
<time>2026-09-10T01:49:39Z</time></trkpt>
<trkpt lat="2.895231" lon="101.673886">
<ele>36</ele>
<time>2026-09-10T01:49:43Z</time></trkpt>
<trkpt lat="2.895272" lon="101.673929">
<ele>37</ele>
<time>2026-09-10T01:49:46Z</time></trkpt>
<trkpt lat="2.895405" lon="101.674044">
<ele>39</ele>
<time>2026-09-10T01:49:53Z</time></trkpt>
<trkpt lat="2.895554" lon="101.67421">
<ele>42</ele>
<time>2026-09-10T01:50:02Z</time></trkpt>
<trkpt lat="2.895644" lon="101.674331">
<ele>41</ele>
<time>2026-09-10T01:50:08Z</time></trkpt>
<trkpt lat="2.895743" lon="101.674454">
<ele>41</ele>
<time>2026-09-10T01:50:14Z</time></trkpt>
<trkpt lat="2.895863" lon="101.674639">
<ele>40</ele>
<time>2026-09-10T01:50:23Z</time></trkpt>
<trkpt lat="2.895912" lon="101.674706">
<ele>40</ele>
<time>2026-09-10T01:50:26Z</time></trkpt>
<trkpt lat="2.895932" lon="101.674728">
<ele>40</ele>
<time>2026-09-10T01:50:27Z</time></trkpt>
<trkpt lat="2.895964" lon="101.674755">
<ele>39</ele>
<time>2026-09-10T01:50:29Z</time></trkpt>
<trkpt lat="2.89601" lon="101.674782">
<ele>39</ele>
<time>2026-09-10T01:50:31Z</time></trkpt>
<trkpt lat="2.896023" lon="101.674804">
<ele>39</ele>
<time>2026-09-10T01:50:32Z</time></trkpt>
<trkpt lat="2.896037" lon="101.674854">
<ele>39</ele>
<time>2026-09-10T01:50:34Z</time></trkpt>
<trkpt lat="2.89605" lon="101.674886">
<ele>38</ele>
<time>2026-09-10T01:50:36Z</time></trkpt>
<trkpt lat="2.896258" lon="101.675268">
<ele>35</ele>
<time>2026-09-10T01:50:53Z</time></trkpt>
<trkpt lat="2.8963" lon="101.675332">
<ele>35</ele>
<time>2026-09-10T01:50:56Z</time></trkpt>
<trkpt lat="2.896318" lon="101.675365">
<ele>34</ele>
<time>2026-09-10T01:50:58Z</time></trkpt>
<trkpt lat="2.896355" lon="101.67545">
<ele>33</ele>
<time>2026-09-10T01:51:01Z</time></trkpt>
<trkpt lat="2.896412" lon="101.675565">
<ele>32</ele>
<time>2026-09-10T01:51:07Z</time></trkpt>
<trkpt lat="2.896468" lon="101.675703">
<ele>29</ele>
<time>2026-09-10T01:51:13Z</time></trkpt>
<trkpt lat="2.896505" lon="101.675768">
<ele>28</ele>
<time>2026-09-10T01:51:16Z</time></trkpt>
<trkpt lat="2.896577" lon="101.67591">
<ele>28</ele>
<time>2026-09-10T01:51:22Z</time></trkpt>
<trkpt lat="2.896616" lon="101.676019">
<ele>29</ele>
<time>2026-09-10T01:51:27Z</time></trkpt>
<trkpt lat="2.896651" lon="101.676178">
<ele>31</ele>
<time>2026-09-10T01:51:33Z</time></trkpt>
<trkpt lat="2.896727" lon="101.676388">
<ele>34</ele>
<time>2026-09-10T01:51:42Z</time></trkpt>
<trkpt lat="2.896745" lon="101.676463">
<ele>35</ele>
<time>2026-09-10T01:51:45Z</time></trkpt>
<trkpt lat="2.896766" lon="101.676585">
<ele>37</ele>
<time>2026-09-10T01:51:50Z</time></trkpt>
<trkpt lat="2.896773" lon="101.676681">
<ele>38</ele>
<time>2026-09-10T01:51:54Z</time></trkpt>
<trkpt lat="2.8968" lon="101.676891">
<ele>38</ele>
<time>2026-09-10T01:52:02Z</time></trkpt>
<trkpt lat="2.89682" lon="101.677154">
<ele>40</ele>
<time>2026-09-10T01:52:13Z</time></trkpt>
<trkpt lat="2.896824" lon="101.677295">
<ele>40</ele>
<time>2026-09-10T01:52:19Z</time></trkpt>
<trkpt lat="2.896824" lon="101.677357">
<ele>41</ele>
<time>2026-09-10T01:52:21Z</time></trkpt>
<trkpt lat="2.896805" lon="101.67758">
<ele>40</ele>
<time>2026-09-10T01:52:30Z</time></trkpt>
<trkpt lat="2.896796" lon="101.677759">
<ele>36</ele>
<time>2026-09-10T01:52:37Z</time></trkpt>
<trkpt lat="2.896802" lon="101.677793">
<ele>35</ele>
<time>2026-09-10T01:52:39Z</time></trkpt>
<trkpt lat="2.896813" lon="101.677826">
<ele>34</ele>
<time>2026-09-10T01:52:40Z</time></trkpt>
<trkpt lat="2.896829" lon="101.677857">
<ele>33</ele>
<time>2026-09-10T01:52:41Z</time></trkpt>
<trkpt lat="2.896849" lon="101.677885">
<ele>32</ele>
<time>2026-09-10T01:52:43Z</time></trkpt>
<trkpt lat="2.896887" lon="101.677924">
<ele>31</ele>
<time>2026-09-10T01:52:45Z</time></trkpt>
<trkpt lat="2.896942" lon="101.677951">
<ele>29</ele>
<time>2026-09-10T01:52:47Z</time></trkpt>
<trkpt lat="2.897064" lon="101.677999">
<ele>27</ele>
<time>2026-09-10T01:52:53Z</time></trkpt>
<trkpt lat="2.897343" lon="101.678096">
<ele>22</ele>
<time>2026-09-10T01:53:05Z</time></trkpt>
<trkpt lat="2.897527" lon="101.678167">
<ele>19</ele>
<time>2026-09-10T01:53:12Z</time></trkpt>
<trkpt lat="2.897677" lon="101.678208">
<ele>17</ele>
<time>2026-09-10T01:53:19Z</time></trkpt>
<trkpt lat="2.897886" lon="101.678274">
<ele>14</ele>
<time>2026-09-10T01:53:27Z</time></trkpt>
<trkpt lat="2.897927" lon="101.678289">
<ele>14</ele>
<time>2026-09-10T01:53:29Z</time></trkpt>
<trkpt lat="2.898006" lon="101.678326">
<ele>13</ele>
<time>2026-09-10T01:53:33Z</time></trkpt>
<trkpt lat="2.898091" lon="101.678358">
<ele>12</ele>
<time>2026-09-10T01:53:36Z</time></trkpt>
<trkpt lat="2.898172" lon="101.678379">
<ele>11</ele>
<time>2026-09-10T01:53:40Z</time></trkpt>
<trkpt lat="2.898306" lon="101.67842">
<ele>10</ele>
<time>2026-09-10T01:53:45Z</time></trkpt>
<trkpt lat="2.898389" lon="101.678441">
<ele>10</ele>
<time>2026-09-10T01:53:49Z</time></trkpt>
<trkpt lat="2.898499" lon="101.678484">
<ele>10</ele>
<time>2026-09-10T01:53:53Z</time></trkpt>
<trkpt lat="2.898595" lon="101.678514">
<ele>10</ele>
<time>2026-09-10T01:53:57Z</time></trkpt>
<trkpt lat="2.898727" lon="101.67855">
<ele>10</ele>
<time>2026-09-10T01:54:03Z</time></trkpt>
<trkpt lat="2.898829" lon="101.678584">
<ele>10</ele>
<time>2026-09-10T01:54:07Z</time></trkpt>
<trkpt lat="2.898963" lon="101.678623">
<ele>10</ele>
<time>2026-09-10T01:54:13Z</time></trkpt>
<trkpt lat="2.899029" lon="101.678648">
<ele>10</ele>
<time>2026-09-10T01:54:16Z</time></trkpt>
<trkpt lat="2.899145" lon="101.6787">
<ele>10</ele>
<time>2026-09-10T01:54:21Z</time></trkpt>
<trkpt lat="2.899251" lon="101.678736">
<ele>11</ele>
<time>2026-09-10T01:54:25Z</time></trkpt>
<trkpt lat="2.899387" lon="101.678797">
<ele>11</ele>
<time>2026-09-10T01:54:31Z</time></trkpt>
<trkpt lat="2.899428" lon="101.678812">
<ele>11</ele>
<time>2026-09-10T01:54:33Z</time></trkpt>
<trkpt lat="2.899634" lon="101.678865">
<ele>11</ele>
<time>2026-09-10T01:54:41Z</time></trkpt>
<trkpt lat="2.899906" lon="101.678941">
<ele>11</ele>
<time>2026-09-10T01:54:53Z</time></trkpt>
<trkpt lat="2.899977" lon="101.678966">
<ele>11</ele>
<time>2026-09-10T01:54:56Z</time></trkpt>
<trkpt lat="2.900207" lon="101.67906">
<ele>14</ele>
<time>2026-09-10T01:55:06Z</time></trkpt>
<trkpt lat="2.90041" lon="101.67912">
<ele>16</ele>
<time>2026-09-10T01:55:14Z</time></trkpt>
<trkpt lat="2.900511" lon="101.679154">
<ele>18</ele>
<time>2026-09-10T01:55:19Z</time></trkpt>
<trkpt lat="2.90087" lon="101.6793">
<ele>22</ele>
<time>2026-09-10T01:55:34Z</time></trkpt>
<trkpt lat="2.900916" lon="101.679308">
<ele>23</ele>
<time>2026-09-10T01:55:36Z</time></trkpt>
<trkpt lat="2.900961" lon="101.679307">
<ele>23</ele>
<time>2026-09-10T01:55:38Z</time></trkpt>
<trkpt lat="2.900991" lon="101.679324">
<ele>23</ele>
<time>2026-09-10T01:55:39Z</time></trkpt>
<trkpt lat="2.901108" lon="101.679372">
<ele>24</ele>
<time>2026-09-10T01:55:44Z</time></trkpt>
<trkpt lat="2.901129" lon="101.67937">
<ele>25</ele>
<time>2026-09-10T01:55:45Z</time></trkpt>
<trkpt lat="2.901161" lon="101.679401">
<ele>25</ele>
<time>2026-09-10T01:55:47Z</time></trkpt>
<trkpt lat="2.90118" lon="101.679409">
<ele>25</ele>
<time>2026-09-10T01:55:48Z</time></trkpt>
<trkpt lat="2.901241" lon="101.679422">
<ele>25</ele>
<time>2026-09-10T01:55:50Z</time></trkpt>
<trkpt lat="2.901306" lon="101.679441">
<ele>26</ele>
<time>2026-09-10T01:55:53Z</time></trkpt>
<trkpt lat="2.901397" lon="101.679457">
<ele>27</ele>
<time>2026-09-10T01:55:57Z</time></trkpt>
<trkpt lat="2.901622" lon="101.679508">
<ele>28</ele>
<time>2026-09-10T01:56:06Z</time></trkpt>
<trkpt lat="2.901754" lon="101.679543">
<ele>29</ele>
<time>2026-09-10T01:56:11Z</time></trkpt>
<trkpt lat="2.901793" lon="101.67955">
<ele>29</ele>
<time>2026-09-10T01:56:13Z</time></trkpt>
<trkpt lat="2.901847" lon="101.679547">
<ele>29</ele>
<time>2026-09-10T01:56:15Z</time></trkpt>
<trkpt lat="2.901921" lon="101.679526">
<ele>29</ele>
<time>2026-09-10T01:56:18Z</time></trkpt>
<trkpt lat="2.902043" lon="101.679474">
<ele>29</ele>
<time>2026-09-10T01:56:23Z</time></trkpt>
<trkpt lat="2.902121" lon="101.679429">
<ele>28</ele>
<time>2026-09-10T01:56:27Z</time></trkpt>
<trkpt lat="2.902156" lon="101.679393">
<ele>28</ele>
<time>2026-09-10T01:56:29Z</time></trkpt>
<trkpt lat="2.902253" lon="101.679262">
<ele>28</ele>
<time>2026-09-10T01:56:36Z</time></trkpt>
<trkpt lat="2.902313" lon="101.679188">
<ele>28</ele>
<time>2026-09-10T01:56:39Z</time></trkpt>
<trkpt lat="2.90241" lon="101.679088">
<ele>28</ele>
<time>2026-09-10T01:56:45Z</time></trkpt>
<trkpt lat="2.902562" lon="101.678947">
<ele>27</ele>
<time>2026-09-10T01:56:53Z</time></trkpt>
<trkpt lat="2.902775" lon="101.678785">
<ele>26</ele>
<time>2026-09-10T01:57:04Z</time></trkpt>
<trkpt lat="2.90285" lon="101.678744">
<ele>26</ele>
<time>2026-09-10T01:57:07Z</time></trkpt>
<trkpt lat="2.902959" lon="101.678698">
<ele>26</ele>
<time>2026-09-10T01:57:12Z</time></trkpt>
<trkpt lat="2.903052" lon="101.678666">
<ele>26</ele>
<time>2026-09-10T01:57:16Z</time></trkpt>
<trkpt lat="2.903145" lon="101.678629">
<ele>26</ele>
<time>2026-09-10T01:57:20Z</time></trkpt>
<trkpt lat="2.903228" lon="101.678606">
<ele>26</ele>
<time>2026-09-10T01:57:24Z</time></trkpt>
<trkpt lat="2.903491" lon="101.67856">
<ele>28</ele>
<time>2026-09-10T01:57:34Z</time></trkpt>
<trkpt lat="2.903627" lon="101.678543">
<ele>29</ele>
<time>2026-09-10T01:57:40Z</time></trkpt>
<trkpt lat="2.903743" lon="101.678535">
<ele>31</ele>
<time>2026-09-10T01:57:44Z</time></trkpt>
<trkpt lat="2.903792" lon="101.678535">
<ele>31</ele>
<time>2026-09-10T01:57:46Z</time></trkpt>
<trkpt lat="2.903842" lon="101.678541">
<ele>32</ele>
<time>2026-09-10T01:57:48Z</time></trkpt>
<trkpt lat="2.904081" lon="101.678578">
<ele>34</ele>
<time>2026-09-10T01:57:58Z</time></trkpt>
<trkpt lat="2.904167" lon="101.678595">
<ele>35</ele>
<time>2026-09-10T01:58:02Z</time></trkpt>
<trkpt lat="2.904254" lon="101.678621">
<ele>36</ele>
<time>2026-09-10T01:58:05Z</time></trkpt>
<trkpt lat="2.904458" lon="101.678702">
<ele>38</ele>
<time>2026-09-10T01:58:14Z</time></trkpt>
<trkpt lat="2.904582" lon="101.678765">
<ele>40</ele>
<time>2026-09-10T01:58:20Z</time></trkpt>
<trkpt lat="2.904669" lon="101.678821">
<ele>40</ele>
<time>2026-09-10T01:58:24Z</time></trkpt>
<trkpt lat="2.904775" lon="101.678905">
<ele>41</ele>
<time>2026-09-10T01:58:29Z</time></trkpt>
<trkpt lat="2.904893" lon="101.678986">
<ele>42</ele>
<time>2026-09-10T01:58:35Z</time></trkpt>
<trkpt lat="2.905005" lon="101.679082">
<ele>43</ele>
<time>2026-09-10T01:58:41Z</time></trkpt>
<trkpt lat="2.90508" lon="101.679157">
<ele>43</ele>
<time>2026-09-10T01:58:45Z</time></trkpt>
<trkpt lat="2.905167" lon="101.679261">
<ele>43</ele>
<time>2026-09-10T01:58:50Z</time></trkpt>
<trkpt lat="2.905226" lon="101.679344">
<ele>42</ele>
<time>2026-09-10T01:58:55Z</time></trkpt>
<trkpt lat="2.90528" lon="101.679437">
<ele>41</ele>
<time>2026-09-10T01:58:59Z</time></trkpt>
<trkpt lat="2.905371" lon="101.67963">
<ele>39</ele>
<time>2026-09-10T01:59:07Z</time></trkpt>
<trkpt lat="2.905417" lon="101.679759">
<ele>37</ele>
<time>2026-09-10T01:59:13Z</time></trkpt>
<trkpt lat="2.905471" lon="101.679942">
<ele>34</ele>
<time>2026-09-10T01:59:21Z</time></trkpt>
<trkpt lat="2.905489" lon="101.680013">
<ele>33</ele>
<time>2026-09-10T01:59:23Z</time></trkpt>
<trkpt lat="2.905536" lon="101.680234">
<ele>32</ele>
<time>2026-09-10T01:59:33Z</time></trkpt>
<trkpt lat="2.905554" lon="101.680355">
<ele>31</ele>
<time>2026-09-10T01:59:37Z</time></trkpt>
<trkpt lat="2.905554" lon="101.680425">
<ele>31</ele>
<time>2026-09-10T01:59:40Z</time></trkpt>
<trkpt lat="2.90554" lon="101.680588">
<ele>30</ele>
<time>2026-09-10T01:59:47Z</time></trkpt>
<trkpt lat="2.905543" lon="101.68064">
<ele>29</ele>
<time>2026-09-10T01:59:49Z</time></trkpt>
<trkpt lat="2.905554" lon="101.680676">
<ele>29</ele>
<time>2026-09-10T01:59:50Z</time></trkpt>
<trkpt lat="2.905572" lon="101.680711">
<ele>29</ele>
<time>2026-09-10T01:59:52Z</time></trkpt>
<trkpt lat="2.905609" lon="101.68075">
<ele>28</ele>
<time>2026-09-10T01:59:54Z</time></trkpt>
<trkpt lat="2.905654" lon="101.680779">
<ele>28</ele>
<time>2026-09-10T01:59:56Z</time></trkpt>
<trkpt lat="2.905688" lon="101.680794">
<ele>28</ele>
<time>2026-09-10T01:59:58Z</time></trkpt>
<trkpt lat="2.90586" lon="101.680841">
<ele>27</ele>
<time>2026-09-10T02:00:05Z</time></trkpt>
<trkpt lat="2.906017" lon="101.680892">
<ele>27</ele>
<time>2026-09-10T02:00:11Z</time></trkpt>
<trkpt lat="2.90625" lon="101.680982">
<ele>27</ele>
<time>2026-09-10T02:00:21Z</time></trkpt>
<trkpt lat="2.906312" lon="101.681">
<ele>27</ele>
<time>2026-09-10T02:00:24Z</time></trkpt>
<trkpt lat="2.906473" lon="101.681056">
<ele>27</ele>
<time>2026-09-10T02:00:31Z</time></trkpt>
<trkpt lat="2.90654" lon="101.681074">
<ele>27</ele>
<time>2026-09-10T02:00:34Z</time></trkpt>
<trkpt lat="2.906721" lon="101.681142">
<ele>27</ele>
<time>2026-09-10T02:00:41Z</time></trkpt>
<trkpt lat="2.906915" lon="101.6812">
<ele>27</ele>
<time>2026-09-10T02:00:50Z</time></trkpt>
<trkpt lat="2.907057" lon="101.681256">
<ele>27</ele>
<time>2026-09-10T02:00:56Z</time></trkpt>
<trkpt lat="2.90716" lon="101.681282">
<ele>27</ele>
<time>2026-09-10T02:01:00Z</time></trkpt>
<trkpt lat="2.907232" lon="101.681305">
<ele>27</ele>
<time>2026-09-10T02:01:03Z</time></trkpt>
<trkpt lat="2.907398" lon="101.681365">
<ele>27</ele>
<time>2026-09-10T02:01:10Z</time></trkpt>
<trkpt lat="2.907485" lon="101.6814">
<ele>27</ele>
<time>2026-09-10T02:01:14Z</time></trkpt>
<trkpt lat="2.907577" lon="101.681429">
<ele>27</ele>
<time>2026-09-10T02:01:18Z</time></trkpt>
<trkpt lat="2.907693" lon="101.68148">
<ele>27</ele>
<time>2026-09-10T02:01:23Z</time></trkpt>
<trkpt lat="2.907742" lon="101.681498">
<ele>27</ele>
<time>2026-09-10T02:01:25Z</time></trkpt>
<trkpt lat="2.90786" lon="101.681532">
<ele>27</ele>
<time>2026-09-10T02:01:30Z</time></trkpt>
<trkpt lat="2.907969" lon="101.681559">
<ele>27</ele>
<time>2026-09-10T02:01:34Z</time></trkpt>
<trkpt lat="2.908159" lon="101.681619">
<ele>28</ele>
<time>2026-09-10T02:01:42Z</time></trkpt>
<trkpt lat="2.908381" lon="101.681705">
<ele>28</ele>
<time>2026-09-10T02:01:52Z</time></trkpt>
<trkpt lat="2.908515" lon="101.681749">
<ele>28</ele>
<time>2026-09-10T02:01:57Z</time></trkpt>
<trkpt lat="2.908641" lon="101.681804">
<ele>28</ele>
<time>2026-09-10T02:02:03Z</time></trkpt>
<trkpt lat="2.908862" lon="101.681881">
<ele>29</ele>
<time>2026-09-10T02:02:12Z</time></trkpt>
<trkpt lat="2.908944" lon="101.681904">
<ele>29</ele>
<time>2026-09-10T02:02:16Z</time></trkpt>
<trkpt lat="2.909119" lon="101.681966">
<ele>29</ele>
<time>2026-09-10T02:02:23Z</time></trkpt>
<trkpt lat="2.909226" lon="101.681993">
<ele>30</ele>
<time>2026-09-10T02:02:28Z</time></trkpt>
<trkpt lat="2.909427" lon="101.682054">
<ele>31</ele>
<time>2026-09-10T02:02:36Z</time></trkpt>
<trkpt lat="2.909543" lon="101.682084">
<ele>32</ele>
<time>2026-09-10T02:02:41Z</time></trkpt>
<trkpt lat="2.909608" lon="101.682108">
<ele>32</ele>
<time>2026-09-10T02:02:44Z</time></trkpt>
<trkpt lat="2.909803" lon="101.68219">
<ele>33</ele>
<time>2026-09-10T02:02:52Z</time></trkpt>
<trkpt lat="2.909969" lon="101.682246">
<ele>34</ele>
<time>2026-09-10T02:02:59Z</time></trkpt>
<trkpt lat="2.910053" lon="101.68227">
<ele>34</ele>
<time>2026-09-10T02:03:03Z</time></trkpt>
<trkpt lat="2.91012" lon="101.682284">
<ele>34</ele>
<time>2026-09-10T02:03:05Z</time></trkpt>
<trkpt lat="2.910267" lon="101.682326">
<ele>35</ele>
<time>2026-09-10T02:03:11Z</time></trkpt>
<trkpt lat="2.910358" lon="101.682361">
<ele>35</ele>
<time>2026-09-10T02:03:15Z</time></trkpt>
<trkpt lat="2.910462" lon="101.682409">
<ele>35</ele>
<time>2026-09-10T02:03:20Z</time></trkpt>
<trkpt lat="2.910556" lon="101.682446">
<ele>35</ele>
<time>2026-09-10T02:03:24Z</time></trkpt>
<trkpt lat="2.910841" lon="101.682543">
<ele>36</ele>
<time>2026-09-10T02:03:36Z</time></trkpt>
<trkpt lat="2.910958" lon="101.682578">
<ele>37</ele>
<time>2026-09-10T02:03:41Z</time></trkpt>
<trkpt lat="2.911133" lon="101.682653">
<ele>37</ele>
<time>2026-09-10T02:03:49Z</time></trkpt>
<trkpt lat="2.911239" lon="101.682683">
<ele>38</ele>
<time>2026-09-10T02:03:53Z</time></trkpt>
<trkpt lat="2.91134" lon="101.682702">
<ele>38</ele>
<time>2026-09-10T02:03:57Z</time></trkpt>
<trkpt lat="2.911477" lon="101.682717">
<ele>38</ele>
<time>2026-09-10T02:04:03Z</time></trkpt>
<trkpt lat="2.911583" lon="101.682717">
<ele>39</ele>
<time>2026-09-10T02:04:07Z</time></trkpt>
<trkpt lat="2.911775" lon="101.682737">
<ele>39</ele>
<time>2026-09-10T02:04:15Z</time></trkpt>
<trkpt lat="2.911879" lon="101.682751">
<ele>40</ele>
<time>2026-09-10T02:04:19Z</time></trkpt>
<trkpt lat="2.911947" lon="101.682769">
<ele>41</ele>
<time>2026-09-10T02:04:22Z</time></trkpt>
<trkpt lat="2.912167" lon="101.682852">
<ele>42</ele>
<time>2026-09-10T02:04:31Z</time></trkpt>
<trkpt lat="2.912232" lon="101.682883">
<ele>42</ele>
<time>2026-09-10T02:04:34Z</time></trkpt>
<trkpt lat="2.912439" lon="101.682998">
<ele>43</ele>
<time>2026-09-10T02:04:43Z</time></trkpt>
<trkpt lat="2.912623" lon="101.683123">
<ele>42</ele>
<time>2026-09-10T02:04:52Z</time></trkpt>
<trkpt lat="2.912651" lon="101.683138">
<ele>42</ele>
<time>2026-09-10T02:04:54Z</time></trkpt>
<trkpt lat="2.912712" lon="101.683162">
<ele>42</ele>
<time>2026-09-10T02:04:56Z</time></trkpt>
<trkpt lat="2.912897" lon="101.683225">
<ele>40</ele>
<time>2026-09-10T02:05:04Z</time></trkpt>
<trkpt lat="2.913054" lon="101.683288">
<ele>39</ele>
<time>2026-09-10T02:05:11Z</time></trkpt>
<trkpt lat="2.913291" lon="101.683365">
<ele>37</ele>
<time>2026-09-10T02:05:21Z</time></trkpt>
<trkpt lat="2.913415" lon="101.683419">
<ele>37</ele>
<time>2026-09-10T02:05:26Z</time></trkpt>
<trkpt lat="2.913494" lon="101.683444">
<ele>37</ele>
<time>2026-09-10T02:05:30Z</time></trkpt>
<trkpt lat="2.913724" lon="101.683501">
<ele>37</ele>
<time>2026-09-10T02:05:39Z</time></trkpt>
<trkpt lat="2.913788" lon="101.683501">
<ele>37</ele>
<time>2026-09-10T02:05:42Z</time></trkpt>
<trkpt lat="2.913805" lon="101.683504">
<ele>37</ele>
<time>2026-09-10T02:05:42Z</time></trkpt>
<trkpt lat="2.913874" lon="101.683523">
<ele>37</ele>
<time>2026-09-10T02:05:45Z</time></trkpt>
<trkpt lat="2.913926" lon="101.683541">
<ele>37</ele>
<time>2026-09-10T02:05:47Z</time></trkpt>
<trkpt lat="2.91419" lon="101.683655">
<ele>37</ele>
<time>2026-09-10T02:05:59Z</time></trkpt>
<trkpt lat="2.914326" lon="101.683692">
<ele>37</ele>
<time>2026-09-10T02:06:05Z</time></trkpt>
<trkpt lat="2.914377" lon="101.683709">
<ele>36</ele>
<time>2026-09-10T02:06:07Z</time></trkpt>
<trkpt lat="2.914463" lon="101.683739">
<ele>36</ele>
<time>2026-09-10T02:06:10Z</time></trkpt>
<trkpt lat="2.914639" lon="101.683807">
<ele>34</ele>
<time>2026-09-10T02:06:18Z</time></trkpt>
<trkpt lat="2.914779" lon="101.683876">
<ele>33</ele>
<time>2026-09-10T02:06:24Z</time></trkpt>
<trkpt lat="2.914973" lon="101.683945">
<ele>31</ele>
<time>2026-09-10T02:06:32Z</time></trkpt>
<trkpt lat="2.915146" lon="101.684014">
<ele>30</ele>
<time>2026-09-10T02:06:40Z</time></trkpt>
<trkpt lat="2.915474" lon="101.684168">
<ele>31</ele>
<time>2026-09-10T02:06:54Z</time></trkpt>
<trkpt lat="2.915552" lon="101.684196">
<ele>31</ele>
<time>2026-09-10T02:06:58Z</time></trkpt>
<trkpt lat="2.915697" lon="101.68424">
<ele>32</ele>
<time>2026-09-10T02:07:04Z</time></trkpt>
<trkpt lat="2.915968" lon="101.684349">
<ele>34</ele>
<time>2026-09-10T02:07:15Z</time></trkpt>
<trkpt lat="2.916114" lon="101.6844">
<ele>36</ele>
<time>2026-09-10T02:07:22Z</time></trkpt>
<trkpt lat="2.916184" lon="101.684431">
<ele>36</ele>
<time>2026-09-10T02:07:25Z</time></trkpt>
<trkpt lat="2.916395" lon="101.684499">
<ele>38</ele>
<time>2026-09-10T02:07:34Z</time></trkpt>
<trkpt lat="2.916683" lon="101.684609">
<ele>41</ele>
<time>2026-09-10T02:07:46Z</time></trkpt>
<trkpt lat="2.916797" lon="101.684647">
<ele>41</ele>
<time>2026-09-10T02:07:51Z</time></trkpt>
<trkpt lat="2.916947" lon="101.684682">
<ele>41</ele>
<time>2026-09-10T02:07:57Z</time></trkpt>
<trkpt lat="2.917016" lon="101.684713">
<ele>41</ele>
<time>2026-09-10T02:08:00Z</time></trkpt>
<trkpt lat="2.917052" lon="101.684724">
<ele>41</ele>
<time>2026-09-10T02:08:02Z</time></trkpt>
<trkpt lat="2.917127" lon="101.684755">
<ele>41</ele>
<time>2026-09-10T02:08:05Z</time></trkpt>
<trkpt lat="2.917275" lon="101.684798">
<ele>41</ele>
<time>2026-09-10T02:08:11Z</time></trkpt>
<trkpt lat="2.917434" lon="101.684854">
<ele>41</ele>
<time>2026-09-10T02:08:18Z</time></trkpt>
<trkpt lat="2.917474" lon="101.684864">
<ele>41</ele>
<time>2026-09-10T02:08:19Z</time></trkpt>
</trkseg>
</trk>
</gpx>